id	station	city
87009696	Gare de La Douzillère	Joue-Les-Tours
87111864	Gare de Balsieges-Bourg	Balsieges
87116137	Gare de Longueville (S.-et-M.)	Longueville
87116517	Gare de La Ferté-sous-Jouarre	La Ferte-Sous-Jouarre
87116582	Gare de Château-Thierry	Chateau-Thierry
87118000	Gare de Troyes	Saint-Julien-Les-Villas
87118091	Saint-Mesmin Gare SNCF	Saint-Mesmin
87118133	Châtres S. Polyvalente	Chatres
87118158	Gare de Romilly-sur-Seine	Romilly-Sur-Seine
87118190	Gare de Nogent-sur-Seine	Nogent-Sur-Seine
87118257	Gare de Vendeuvre (Aube)	Vendeuvre-Sur-Barse
87118299	Gare de Bar-sur-Aube	Bar-Sur-Aube
87131961	Gare de Brion-Montréal-la-Cluse	Brion
87141002	Gare de Nancy-Ville	Nancy
87141010	Gare de Jarville-la-Malgrange	Jarville-La-Malgrange
87141036	Gare de Foug	Foug
87141044	Gare de Toul	Toul
87141051	Gare de Fontenoy-sur-Moselle	Fontenoy-Sur-Moselle
87141069	Gare de Liverdun	Liverdun
87141077	Gare de Frouard	Frouard
87141085	Gare de Champigneulles	Champigneulles
87141093	Gare de Laneuveville-devt-Nancy	Laneuveville-Devant-Nancy
87141101	Gare de Varangéville-St-Nicolas	Varangeville
87141119	Gare de Dombasle-sur-Meurthe	Dombasle-Sur-Meurthe
87141127	Gare de Rosières-aux-Salines	Dombasle-Sur-Meurthe
87141135	Gare de Blainville-Damelevières	Damelevieres
87141143	Gare de Mont-sur-Meurthe	Mont-Sur-Meurthe
87141150	Gare de Lunéville	Luneville
87141200	Gare de Einvaux	Einvaux
87141218	Gare de Bayon	Virecourt
87141291	Gare de Neufchâteau	Neufchateau
87141374	Gare de St-Clément-Laronxe	Saint-Clement
87141382	Gare de Chenevières	Chenevieres
87141390	Gare de Ménil-Flin	Flin
87141408	Gare de Azerailles	Azerailles
87141416	Gare de Baccarat	Baccarat
87141424	Gare de Bertrichamps	Bertrichamps
87141432	Gare de Thiaville	Thiaville-Sur-Meurthe
87141473	Gare de Houdemont	Houdemont
87141481	Gare de Ludres	Ludres
87141499	Gare de Messein	Messein
87141507	Gare de Neuves-Maisons	Neuves-Maisons
87141523	Gare de Pont-St-Vincent	Pont-Saint-Vincent
87141622	Praye-sous-Vaudémont	Praye
87141788	Gare de Pompey	Pompey
87141796	Gare de Marbache	Marbache
87141804	Gare de Belleville	Belleville
87141812	Gare de Dieulouard	Dieulouard
87141820	Gare de Pont-à-Mousson	Pont-A-Mousson
87142000	Gare de Chaumont	Chaumont
87142091	Gare de Langres	Langres
87142125	Gare de Culmont-Chalindrey	Culmont
87142224	Gare de Bologne	Bologne
87142232	Gare de Vignory	Vignory
87142240	Gare de Froncles	Froncles
87142273	Gare de Donjeux	Donjeux
87143024	Vraincourt-Vieville	Vraincourt
87144006	Gare de Epinal	Epinal
87144014	Gare de St-Dié-des-Vosges	Saint-Die-Des-Vosges
87144030	Docelles-Cheniménil	Chenimenil
87144048	Lépanges	Lepanges-Sur-Vologne
87144055	Gare de Charmes (Vosges)	Charmes
87144063	Gare de Vincey (Vosges)	Portieux
87144071	Gare de Châtel-Nomexy	Nomexy
87144089	Gare de Igney	Igney
87144097	Gare de Thaon	Thaon-Les-Vosges
87144121	Gare de Xertigny	Xertigny
87144147	Gare de Bains-les-Bains	Le Clerjus
87144154	Bruyères (Vosges)	Bruyeres
87144212	Mirecourt	Mirecourt
87144220	Hymont-Mattaincourt	Hymont
87144279	Gare de Vittel	Vittel
87144287	Gare de Contrexéville	Contrexeville
87144295	Martigny-les-Bains	Martigny-Les-Bains
87144303	Lamarche (Vosges)	Lamarche
87144311	Rozières-sur-Mouzon	Rozieres-Sur-Mouzon
87144345	Gare de Provenchères-sur-Fave	Provencheres-Et-Colroy
87144410	Gare de Arches	Arches
87144428	Gare de Pouxeux	Pouxeux
87144436	Gare de Eloyes	Eloyes
87144451	Gare de Remiremont	Remiremont
87144626	Gare de Raon-l'Etape	Raon-L'Etape
87144642	Gare de Etival-Clairefontaine	Etival-Clairefontaine
87144683	Gare de St-Michel-sur-Meurthe	Saint-Michel-Sur-Meurthe
87146217	Gare de St-Nabord	Saint-Nabord
87159947	Gare de Ker Lann	Bruz
87171009	Gare de Reims	Reims
87171272	Gare de Reims-Maison-Blanche	Reims
87171298	Gare de Muizon (PN32)	Muizon
87171314	Gare de Jonchery-sur-Vesle	Jonchery-Sur-Vesle
87171322	Gare de Breuil-Romain	Breuil-Sur-Vesle
87171330	Gare de Fismes	Fismes
87171462	Gare de Bazancourt	Bazancourt
87171512	Gare de Dormans	Dormans
87171553	Gare de Epernay	Epernay
87171561	Gare de Ay	A-Champagne
87171579	Gare de Avenay	Avenay-Val-D'Or
87171587	Gare de Germaine	Germaine
87171595	Gare de Rilly-la-Montagne	Rilly-La-Montagne
87171611	Gare de Val-de-Vesle (Marne)	Val-De-Vesle
87171629	Gare de Prunay	Prunay
87171645	Gare de Sept-Saulx	Sept-Saulx
87171702	Gare de Aguilcourt-Variscourt	Aguilcourt
87171710	Gare de Courcy-Brimont	Courcy
87171728	Gare de Loivre	Loivre
87171736	Gare de Guignicourt (Aisne)	Villeneuve-Sur-Aisne
87171744	Gare de Amifontaine	Amifontaine
87171751	Gare de St-Erme	Saint-Erme-Outre-Et-Ramecourt
87171769	Gare de Coucy-les-Eppes	Coucy-Les-Eppes
87171926	Gare de Champagne-Ardenne	Bezannes
87172007	Gare de Charleville-Mézières	Charleville-Mezieres
87172023	Gare de Nouzonville	Nouzonville
87172031	Gare de Joigny-sur-Meuse	Joigny-Sur-Meuse
87172049	Gare de Bogny-sur-Meuse	Bogny-Sur-Meuse
87172056	Gare de Monthermé	Bogny-Sur-Meuse
87172064	Gare de Deville	Deville
87172072	Gare de Laifour	Laifour
87172080	Gare de Revin	Revin
87172098	Gare de Fumay	Fumay
87172106	Gare de Haybes	Haybes
87172114	Gare de Vireux-Molhain	Vireux-Molhain
87172122	Gare de Aubrives	Aubrives
87172130	Gare de Givet	Givet
87172155	Gare de Mohon	Charleville-Mezieres
87172171	Gare de Poix-Terron	Poix-Terron
87172189	Gare de Lumes-Halte	Lumes
87172213	Gare de Nouvion-sur-Meuse	Nouvion-Sur-Meuse
87172221	Gare de Vrigne-Meuse	Vrigne-Meuse
87172239	Gare de Donchery	Donchery
87172254	Gare de Sedan	Sedan
87172262	Gare de Amagne-Lucquy	Lucquy
87172270	Gare de Rethel	Rethel
87172312	Bazeilles	Bazeilles
87172353	Gare de Carignan	Carignan
87172387	Blagny	Blagny
87172411	Margut-Fromy	Fromy
87172544	Gare de Liart-SNCF	Liart
87172858	Gare de Anchamps	Anchamps
87172874	Gare de Fépin	Fepin
87174003	Gare de Châlons-en-Champagne	Chalons-En-Champagne
87174276	Gare de Vitry-le-François	Vitry-Le-Francois
87174409	Gare de Mourmelon-le-Petit	Mourmelon-Le-Petit
87175000	Gare de St-Dizier	Saint-Dizier
87175018	Gare de Revigny	Revigny-Sur-Ornain
87175042	Gare de Bar-le-Duc	Bar-Le-Duc
87175067	Gare de Nançois-Tronville	Nancois-Sur-Ornain
87175091	Gare de Joinville	Joinville
87175117	Gare de Chevillon	Chevillon
87175133	Bayard	Bayard-Sur-Marne
87175240	Gare de Lérouville	Lerouville
87175257	Gare de Commercy	Commercy
87175778	Gare de Verdun	Verdun
87175794	Gare de Etain	Etain
87175828	Gare de Pagny-sur-Meuse	Pagny-Sur-Meuse
87181016	Gare de St-Louis-la-Chaussée	Saint-Louis
87181040	Gare de Flaxlanden	Zillisheim
87181065	Gare de Walheim	Walheim
87181131	Gare de Graffenwald	Wittelsheim
87181222	Gare de Colmar-St-Joseph	Colmar
87181289	Gare de Vieux-Thann-Zi	Vieux-Thann
87181552	Gare de St-Gilles-L (Haut-Rhin)	Wintzenheim
87182014	Gare de Colmar	Colmar
87182055	Gare de Mulhouse-Dornach	Mulhouse
87182063	Gare de Mulhouse	Mulhouse
87182071	Gare de Rixheim	Rixheim
87182089	Gare de Habsheim	Habsheim
87182105	Gare de Sierentz	Sierentz
87182113	Gare de Bartenheim	Bartenheim
87182139	Gare de St-Louis (Haut-Rhin)	Saint-Louis
87182196	Gare de Zillisheim	Zillisheim
87182204	Gare de Illfurth	Illfurth
87182238	Gare de Altkirch	Altkirch
87182253	Gare de Dannemarie	Dannemarie
87182329	Gare de Herrlisheim-près-Colmar	Herrlisheim-Pres-Colmar
87182337	Gare de Rouffach	Rouffach
87182345	Gare de Logelbach	Wintzenheim
87182352	Gare de Turckheim	Turckheim
87182360	Gare de Walbach-la-Forge	Wintzenheim
87182378	Gare de Wihr-au-Val-Soultzbach	Wihr-Au-Val
87182386	Gare de Gunsbach-Griesbach	Griesbach-Au-Val
87182394	Gare de Munster	Munster
87182402	Gare de Ranspach	Ranspach
87182410	Gare de Cernay (Haut-Rhin)	Cernay
87182543	Gare de Luttenbach-près-Munster	Luttenbach-Pres-Munster
87182550	Gare de Vieux-Thann	Vieux-Thann
87182568	Gare de Thann	Thann
87182576	Gare de Bitschwiller (Ht-Rhin)	Bitschwiller-Les-Thann
87182584	Gare de Willer-sur-Thur	Willer-Sur-Thur
87182592	Gare de Moosch	Moosch
87182600	Gare de St-Amarin	Saint-Amarin
87182618	Gare de Wesserling	Fellering
87182626	Gare de Fellering	Fellering
87182634	Gare de Oderen	Oderen
87182642	Gare de Kruth	Kruth
87182659	Gare de Breitenbach	Breitenbach-Haut-Rhin
87182667	Gare de Lutterbach (Haut-Rhin)	Lutterbach
87182691	Gare de Staffelfelden	Staffelfelden
87182709	Gare de Bollwiller	Bollwiller
87182717	Gare de Raedersheim	Raedersheim
87182725	Gare de Merxheim	Merxheim
87182733	Gare de Muhlbach-sur-Munster	Muhlbach-Sur-Munster
87182816	Gare de Metzeral	Metzeral
87182840	Gare de Bantzenheim	Bantzenheim
87182881	Gare de Thann-Saint-Jacques	Thann
87184002	Gare de Belfort-Ville	Belfort
87184200	Gare de Bas-Evette	Evette-Salbert
87184242	Gare de Trois-Chênes	Belfort
87184267	Gare de Petit-Croix	Montreux-Chateau
87184275	Gare de Montreux-Vieux	Montreux-Vieux
87184408	Gare de Meroux	Meroux-Moval
87184424	Gare de Morvillars	Morvillars
87184432	Gare de Grandvillars	Grandvillars
87184440	Gare de Delle	Delle
87184507	Gare de Héricourt	Hericourt
87184523	Gare de Montbéliard-Ville	Montbeliard
87184531	Gare de Voujeaucourt	Voujeaucourt
87184556	Gare de Colombier-Fontaine	Colombier-Fontaine
87184572	Gare de L'Isle-sur-le-Doubs	L'Isle-Sur-Le-Doubs
87184622	Gare de Clerval	Pays-De-Clerval
87185009	Gare de Vesoul	Vesoul
87185249	Gare de Lure	Lure
87185314	Gare de Ronchamp	Ronchamp
87185348	Gare de Champagney	Champagney
87185595	Gare de Luxeuil-les-Bains	Luxeuil-Les-Bains
87185629	Gare de Aillevillers	Corbenay
87191007	Gare de Thionville	Thionville
87191098	Gare de Walygator-Parc	Maizieres-Les-Metz
87191106	Gare de Maizières-lès-Metz	Maizieres-Les-Metz
87191114	Gare de Hagondange	Hagondange
87191130	Gare de Uckange	Uckange
87191163	Gare de Hettange-Grande	Hettange-Grande
87191239	Gare de Hayange	Hayange
87191304	Yutz	Yutz
87191346	Kédange	Kedange-Sur-Canner
87191387	Anzeling	Anzeling
87191395	Freistroff	Freistroff
87191601	Gare de Basse-Ham	Basse-Ham
87191619	Gare de Koenigsmacker	KNigsmacker
87191627	Gare de Malling	Malling
87191635	Gare de Sierck-les-Bains	Sierck-Les-Bains
87191643	Gare de Apach (Moselle)	Apach
87191684	Gare de Auboué	Auboue
87191692	Gare de Homécourt	Homecourt
87191700	Gare de Joeuf	JUf
87191718	Gare de Moyeuvre-Grande	Moyeuvre-Grande
87191734	Gare de Rombas-Clouange	Rombas
87191742	Gare de Gandrange-Amnéville	Amneville
87192039	Gare de Metz-Ville	Metz
87192070	Gare de Metz-Nord	Metz
87192088	Gare de Woippy	Woippy
87192203	Gare de Peltre	Peltre
87192211	Gare de Courcelles-sur-Nied	Courcelles-Sur-Nied
87192229	Gare de Sanry-sur-Nied	Sanry-Sur-Nied
87192237	Gare de Rémilly	Remilly
87192286	Gare de Morhange	Morhange
87192302	Gare de Bénestroff	Benestroff
87192401	Gare de Ars-sur-Moselle	Ars-Sur-Moselle
87192419	Gare de Ancy-sur-Moselle	Ancy-Dornot
87192427	Gare de Novéant	Noveant-Sur-Moselle
87192435	Gare de Onville	Onville
87192468	Gare de Pagny-sur-Moselle	Pagny-Sur-Moselle
87192476	Gare de Vandières	Vandieres
87192658	Gare de Baroncourt	Dommary-Baroncourt
87192666	Gare de Conflans-Jarny	Jarny
87192724	Gare de Hatrize	Hatrize
87192732	Gare de Valleroy-Moineville	Valleroy
87193003	Gare de Forbach	Forbach
87193177	Bouzonville	Bouzonville
87193250	Gare de Bening	Bening-Les-Saint-Avold
87193276	Gare de Hombourg-Haut	Hombourg-Haut
87193318	Gare de St-Avold	Valmont
87193342	Gare de Téting (Moselle)	Teting-Sur-Nied
87193359	Gare de Faulquemont	Faulquemont
87193383	Gare de Herny	Herny
87193516	Gare de Farebersviller	Farebersviller
87193524	Gare de Farschviller	Farschviller
87193540	Gare de Hundling	Hundling
87193615	Gare de Sarreguemines	Sarreguemines
87193664	Gare de Kalhausen	Kalhausen
87193714	Sarralbe	Sarralbe
87193839	Bitche-Camp	Bitche
87194001	Gare de Longwy	Longwy
87194209	Gare de Montmédy	Montmedy
87194274	Gare de Longuyon	Longuyon
87194357	Gare de Audun-le-Roman	Audun-Le-Roman
87194449	Rehon	Rehon
87208553	Gare de Casino-Lacroix-Laval	La Tour-De-Salvagny
87212027	Gare de Strasbourg	Strasbourg
87212100	Gare de Mundolsheim	Mundolsheim
87212118	Gare de Vendenheim	Vendenheim
87212126	Gare de Stephansfeld	Brumath
87212134	Gare de Brumath	Brumath
87212142	Gare de Mommenheim	Mommenheim
87212159	Gare de Schwindratzheim	Schwindratzheim
87212167	Gare de Hochfelden	Hochfelden
87212175	Gare de Wilwisheim	Wilwisheim
87212183	Gare de Dettwiller	Dettwiller
87212191	Gare de Strasbourg-Roethig	Lingolsheim
87212209	Gare de Steinbourg	Steinbourg
87212225	Gare de Saverne	Saverne
87212241	Gare de Graffenstaden	Geispolsheim
87212258	Gare de Geispolsheim	Geispolsheim
87212266	Gare de Fegersheim-Lipsheim	Lipsheim
87212274	Gare de Limersheim	Hipsheim
87212308	Gare de Bischheim	Schiltigheim
87212316	Gare de La Wantzenau	La Wantzenau
87212324	Gare de Kilstett	Kilstett
87212332	Gare de Gambsheim	Gambsheim
87212340	Gare de Herrlisheim (Bas-Rhin)	Herrlisheim
87212357	Gare de Drusenheim	Drusenheim
87212365	Gare de Sessenheim	Sessenheim
87212373	Gare de Rountzenheim	Rountzenheim-Auenheim
87212407	Gare de Roeschwoog	RSchwoog
87212415	Gare de Beinheim-Roppenheim	Beinheim
87212431	Gare de Seltz	Seltz
87212449	Gare de Munchhausen	Munchhausen
87212456	Gare de Mothern	Mothern
87212464	Gare de Lauterbourg	Lauterbourg
87213058	Gare de Haguenau	Schweighouse-Sur-Moder
87213108	Gare de Schweighouse (Bas-Rhin)	Schweighouse-Sur-Moder
87213165	Gare de Obermodern	Obermodern-Zutzendorf
87213207	Gare de Mertzwiller	Mertzwiller
87213223	Gare de Gundershoffen	Gundershoffen
87213231	Reichshoffen-Usines	Reichshoffen
87213249	Gare de Reichshoffen-Ville	Reichshoffen
87213256	Gare de Niederbronn	Niederbronn-Les-Bains
87213405	Gare de Walbourg	Walbourg
87213413	Gare de Hoelschloch-Surbourg	Surbourg
87213421	Gare de Soultz-sous-Forêts	Soultz-Sous-Forets
87213447	Gare de Hoffen	Hoffen
87213454	Gare de Hunspach	Hunspach
87213462	Gare de Riedseltz	Riedseltz
87213470	Gare de Wissembourg	Wissembourg
87213603	Gare de Marienthal	Haguenau
87213611	Gare de Bischwiller	Bischwiller
87213660	Gare de Kurtzenhouse	Kurtzenhouse
87213678	Gare de Weyersheim	Weyersheim
87213686	Gare de Hoerdt	HRdt
87213744	Gare de Wingen-sur-Moder	Wingen-Sur-Moder
87213785	Gare de Ingwiller	Ingwiller
87214056	Gare de Sélestat	Selestat
87214106	Gare de Ebersheim	Ebersheim
87214114	Gare de Kogenheim	Kogenheim
87214122	Gare de Benfeld	Benfeld
87214130	Gare de Matzenheim	Matzenheim
87214148	Gare de Erstein	Erstein
87214205	Gare de Scherwiller	Scherwiller
87214213	Gare de Dambach-la-Ville	Dambach-La-Ville
87214221	Gare de Epfig	Epfig
87214239	Gare de Eichhoffen	Eichhoffen
87214247	Gare de Barr	Barr
87214254	Gare de Gertwiller	Gertwiller
87214270	Gare de Goxwiller	Goxwiller
87214288	Gare de Obernai	Obernai
87214296	Gare de Bischoffsheim	Bischoffsheim
87214320	Gare de Rosheim	Rosheim
87214338	Gare de Dorlisheim	Dorlisheim
87214502	Gare de Lingolsheim	Lingolsheim
87214528	Gare de Entzheim-Aéroport	Entzheim
87214536	Gare de Duppigheim	Duppigheim
87214544	Gare de Duttlenheim-Ernolsheim-	Dachstein
87214551	Gare de Dachstein	Molsheim
87214577	Gare de Molsheim	Molsheim
87214585	Gare de Mutzig	Mutzig
87214593	Gare de Gresswiller	Gresswiller
87214635	Gare de Urmatt	Urmatt
87214643	Gare de Mullerhof	Urmatt
87214650	Gare de Muhlbach-sur-Bruche-Lut	Muhlbach-Sur-Bruche
87214676	Gare de Wisches	Wisches
87214684	Gare de Russ-Hersbach	Wisches
87214692	Gare de Schirmeck-la-Broque	Schirmeck
87214726	Gare de Rothau	Rothau
87214734	Gare de Fouday	Fouday
87214742	Gare de St-Blaise-Roche-Poutay	Saint-Blaise-La-Roche
87214775	Gare de Bourg-Bruche	Bourg-Bruche
87214783	Gare de Saales	Saales
87215012	Gare de Sarrebourg	Sarrebourg
87215079	Gare de Reding	Reding
87215103	Gare de Igney-Avricourt	Avricourt
87215145	Héming-Mairie	Heming
87215160	Gare de Lutzelbourg	Lutzelbourg
87215335	Gare de Berthelming	Berthelming
87215459	Sarre-Union	Sarre-Union
87215483	Schopperten	Schopperten
87215491	Keskastel	Keskastel
87215632	Gare de Oermingen	Oermingen
87215665	Gare de Diemeringen	Diemeringen
87215699	Gare de Tieffenbach-Struth	Tieffenbach
87223263	Gare de Lille Europe	Lille
87271007	Gare de Paris Gare du Nord	Paris
87271536	Gare de Dammartin-Juilly-St-Mar	Saint-Mard
87271551	Gare de Le Plessis-Belleville	Le Plessis-Belleville
87271577	Gare de Nanteuil-le-Haudouin	Nanteuil-Le-Haudouin
87271585	Gare de Ormoy-Villers	Ormoy-Villers
87271593	Gare de Crépy-en-Valois	Crepy-En-Valois
87271601	Gare de Vaumoise	Coyolles
87271734	Gare de Villers-Cotterets	Villers-Cotterets
87271775	Gare de Longpont	Longpont
87271783	Gare de Vierzy	Vierzy
87271817	Gare de Soissons	Soissons
87271874	Gare de Crouy	Crouy
87271882	Gare de Margival	Margival
87272013	Gare de Jaux	Jaux
87272096	Gare de Esches	Esches
87272195	Gare de Longueil-Annel	Longueil-Annel
87272286	Gare de Corcy	Corcy
87276006	Gare de Creil	Creil
87276113	Gare de Chantilly-Gouvieux	Chantilly
87276204	Gare de Laigneville	Laigneville
87276212	Gare de Liancourt-Rantigny	Rantigny
87276279	Gare de Orry-la-Ville-Coye	Orry-La-Ville
87276303	Gare de Longueil-Ste-Marie	Longueil-Sainte-Marie
87276311	Gare de Chevrières	Chevrieres
87276329	Gare de Pont-Ste-Maxence	Pont-Sainte-Maxence
87276352	Gare de Rieux-Angicourt	Rieux
87276378	Gare de Villers-St-Paul	Villers-Saint-Paul
87276469	Gare de Persan-Beaumont	Persan
87276618	Gare de Montataire	Montataire
87276691	Gare de Compiègne	Margny-Les-Compiegne
87276717	Gare de Bornel-Belle-Eglise	Bornel
87276725	Gare de Chambly	Chambly
87276733	Gare de Le Meux-Croix-St-Ouen	Le Meux
87276741	Gare de Thourotte	Thourotte
87276766	Gare de Ribécourt	Ribecourt-Dreslincourt
87276774	Gare de Ourscamps	Pimprez
87276782	Gare de Noyon	Noyon
87278259	Gare de Mérignac-Arlac	Merignac
87281006	Gare de Dunkerque	Dunkerque
87281055	Gare de Croix l'Allumette	Croix
87281071	Gare de Calais Fréthun	Frethun
87281105	Gare de Bergues	Bergues
87281113	Gare de Esquelbecq	Esquelbecq
87281121	Gare de Arnèke	Arneke
87281139	Gare de Cassel	Oxelaere
87281246	Gare de Gravelines	Gravelines
87281279	Gare de Bourbourg	Bourbourg
87281311	Gare de Grande Synthe	Grande-Synthe
87281402	Gare de Coudekerque Branche	Coudekerque-Branche
87281410	Gare de Pont d'Ardres	Ardres
87281428	Gare de Audruicq	Audruicq
87281436	Gare de Watten Eperlecques	Eperlecques
87281444	Gare de St Omer	Saint-Omer
87281451	Gare de Renescure	Renescure
87281469	Gare de Ebblinghem	Ebblinghem
87282624	Gare de Lyon-Jean-Macé	Lyon
87286005	Gare de Lille Flandres	Lille
87286062	Gare de Hellemmes	Lille
87286096	Gare de Haubourdin	Haubourdin
87286112	Gare de Loos lès Lille	Loos
87286146	Gare de Armentières	Armentieres
87286161	Gare de Steenwerck	Bailleul
87286179	Gare de Bailleul (Nord)	Bailleul
87286187	Gare de La Madeleine (Nord)	La Madeleine
87286195	Gare de St-André (Nord)	Saint-Andre-Lez-Lille
87286203	Gare de Strazeele	Strazeele
87286229	Wambrechies	Wambrechies
87286245	Quesnoy sur Deule	Quesnoy-Sur-Deule
87286260	Comines (France)	Comines
87286278	Gare de Pérenchies	Perenchies
87286302	Gare de Hazebrouck	Hazebrouck
87286401	Gare de Santes	Santes
87286419	Gare de Wavrin	Wavrin
87286427	Gare de La Fontaine (Nord)	Wavrin
87286435	Gare de Don Sainghin	Sainghin-En-Weppes
87286500	Gare de Phalempin	Phalempin
87286518	Gare de Seclin	Seclin
87286526	Gare de Wattignies Templemars	Templemars
87286534	Gare de Ronchin	Ronchin
87286542	Gare de Tourcoing	Tourcoing
87286567	Gare de Rosult	Rosult
87286575	Gare de Landas	Landas
87286583	Gare de Orchies	Orchies
87286609	Gare de Nomain	Nomain
87286625	Gare de Templeuve	Templeuve-En-Pevele
87286641	Gare de Fretin (Nord)	Fretin
87286716	Gare de Croix Wasquehal	Wasquehal
87286732	Gare de Roubaix	Roubaix
87286831	Gare de Pont de Bois	Villeneuve-D'Ascq
87286849	Gare de Lesquin	Lesquin
87286856	Gare de Annappes	Villeneuve-D'Ascq
87286864	Gare de Ascq	Villeneuve-D'Ascq
87286872	Gare de Baisieux	Baisieux
87287102	Gare de Lezennes	Lille
87287128	Gare de Mont de Terre	Lille
87287151	Gare de Nieppe	Nieppe
87287169	Marquette	Marquette-Lez-Lille
87287193	Ste Marguerite	Comines
87287250	Gare de Lille Porte de Douai	Lille
87287276	Gare de Ennevelin	Templeuve-En-Pevele
87287292	Gare de Nortkerque	Nortkerque
87287300	Gare de Ruminghem	Ruminghem
87295006	Gare de Maubeuge	Maubeuge
87295014	Gare de Jeumont	Jeumont
87295022	Gare de Recquignies	Recquignies
87295048	Gare de Fourmies	Fourmies
87295055	Gare de Anor	Anor
87295063	Gare de Hirson	Hirson
87295220	Gare de Le Cateau	Le Cateau-Cambresis
87295535	Gare de Louvroil	Louvroil
87295543	Gare de Sous-le-Bois	Maubeuge
87295568	Gare de Hautmont	Hautmont
87295600	Gare de Aulnoye Aymeries	Aulnoye-Aymeries
87295642	Gare de Landrecies	Landrecies
87295667	Gare de Ors	Ors
87295709	Gare de Sains du Nord	Sains-Du-Nord
87295725	Gare de Avesnelles	Avesnelles
87295733	Gare de Avesnes	Avesnes-Sur-Helpe
87295774	Gare de Dompierre (Nord)	Dompierre-Sur-Helpe
87295790	Gare de Leval	Leval
87295808	Gare de Berlaimont	Berlaimont
87295857	Gare de Le Quesnoy (Nord)	Le Quesnoy
87296004	Gare de St Quentin	Saint-Quentin
87296012	Gare de Laon	Laon
87296095	Gare de Marle-sur-Serre	Marle
87296129	Gare de Vervins	Vervins
87296145	Gare de Origny-en-Thiérache	Origny-En-Thierache
87296152	Gare de Crépy-Couvron	Crepy
87296178	Gare de Clacy-Mons	Clacy-Et-Thierret
87296244	Gare de Busigny	Busigny
87296269	Gare de Bohain	Bohain-En-Vermandois
87296293	Gare de Fresnoy-le-Grand	Fresnoy-Le-Grand
87296418	Gare de Montescourt	Montescourt-Lizerolles
87296434	Gare de Mennessis	Mennessis
87296442	Gare de Tergnier	Tergnier
87296459	Gare de Appilly	Appilly
87296566	Gare de Anizy-Pinon	Pinon
87296608	Gare de Versigny	Versigny
87296616	Gare de Chauny	Chauny
87296632	Gare de La Fère	La Fere
87296871	Gare de Flavy-le-Martel	Flavy-Le-Martel
87297051	Gare de Viry-Noureuil	Viry-Noureuil
87297085	Gare de La Bouteille	La Bouteille
87297119	Gare de Verneuil-sur-Serre	Verneuil-Sur-Serre
87297143	Gare de Dercy-Froidmont	Dercy
87297150	Gare de Voyenne	Voyenne
87297283	Gare de Vauxaillon	Vauxaillon
87297291	Gare de Barenton-Bugny	Barenton-Bugny
87297515	Gare de Les Bons Pères	Rousies
87297523	Gare de Hachette	Locquignol
87297531	Gare de St Hilaire	Saint-Hilaire-Sur-Helpe
87300863	Gare de Besançon-Franche-Comté	Les Auxons
87303875	Gare de Ingersheim-Cité-Sc.	Turckheim
87313049	Gare de Longueau	Longueau
87313056	Gare de Corbie	Corbie
87313064	Gare de Méricourt Ribémont	Mericourt-L'Abbe
87313072	Gare de Albert	Albert
87313080	Gare de St-Roch (Somme)	Amiens
87313098	Gare de Ailly-sur-Somme	Ailly-Sur-Somme
87313106	Gare de Picquigny	Picquigny
87313114	Gare de Hangest	Hangest-Sur-Somme
87313122	Gare de Longpré-Corps-Saints	Longpre-Les-Corps-Saints
87313130	Gare de Pont-Rémy	Pont-Remy
87313213	Gare de Boves	Boves
87313221	Gare de Ailly-sur-Noye	Ailly-Sur-Noye
87313239	Gare de La Faloise	La Faloise
87313247	Gare de Breteuil-Embranchement	Bacouel
87313262	Gare de Gannes	Gannes
87313270	Gare de St-Just-SNCF	Saint-Just-En-Chaussee
87313288	Gare de St-Rémy-en-l'Eau	Saint-Remy-En-L'Eau
87313296	Gare de Avrechy	Avrechy
87313304	Gare de Clermont-de-l'Oise	Clermont
87313320	Gare de Moreuil	Moreuil
87313338	Gare de Hargicourt-Pierrepont	Trois-Rivieres
87313346	Gare de Montdidier-SNCF	Montdidier
87313353	Gare de Tricot	Tricot
87313379	Gare de Namps-Quevauvillers	Namps-Maisnil
87313387	Gare de Estrées-St-Denis	Estrees-Saint-Denis
87313395	Gare de Poix-de-Picardie	Poix-De-Picardie
87313403	Gare de Rémy (Oise)	Remy
87313437	Gare de Villers-Bretonneux	Villers-Bretonneux
87313445	Gare de Marcelcave	Marcelcave
87313460	Gare de Rosières (Somme)	Rosieres-En-Santerre
87313478	Gare de Chaulnes-SNCF	Chaulnes
87313486	Gare de Nesle (Somme)	Nesle
87313494	Gare de Ham (Somme)	Muille-Villette
87313510	Gare de Beauvais-Gare-SNCF	Beauvais
87313544	Gare de Cramoisy	Cramoisy
87313551	Gare de Cires-lès-Mello	Cires-Les-Mello
87313569	Gare de Balagny-St-Epin	Balagny-Sur-Therain
87313577	Gare de Mouy-Bury	Bury
87313585	Gare de Hermes-Berthecourt	Berthecourt
87313593	Gare de Villers-St-Sépulcre	Villers-Saint-Sepulcre
87313601	Gare de Rochy-Condé	Rochy-Conde
87313668	Gare de Méru	Meru
87313676	Gare de Laboissière-le-Déluge	Laboissiere-En-Thelle
87313684	Gare de St-Sulpice-Auteuil	Saint-Sulpice
87313692	Gare de Herchies	Herchies
87313700	Gare de Milly-sur-Thérain	Milly-Sur-Therain
87313718	Gare de St-Omer-en-Chaussée	Saint-Omer-En-Chaussee
87313726	Gare de Marseille-en-Beauvaisis	Marseille-en-Beauvaisis
87313734	Gare de Grandvilliers	Grandvilliers
87313742	Gare de Feuquières-Broquiers	Feuquieres
87313759	Gare de Abancourt	Abancourt
87313767	Aumale	Aumale
87313809	Blangy-sur-Bresle	Blangy-Sur-Bresle
87313817	Longroy-Gamaches	Longroy
87313833	Gare de Formerie	Formerie
87313841	Gare de Fouilloy	Fouilloy
87313874	Gare de Amiens	Amiens
87315044	Gare de Daours	Aubigny
87316059	Gare de Heilly	Heilly
87316067	Gare de Buire sur l'Ancre	Buire-Sur-L'Ancre
87316075	Gare de Dreuil-lès-Amiens	Dreuil-Les-Amiens
87316109	Gare de Dommartin-Remiencourt	Dommartin
87316125	Gare de Thézy-Glimont	Thezy-Glimont
87316208	Gare de Wacquemoulin	Wacquemoulin
87316398	Gare de Heilles-Mouchy	Heilles
87316406	Gare de Montreuil-sur-Thérain	Montreuil-Sur-Therain
87316679	Gare de Pihen	Pihen-Les-Guines
87316687	Gare de Le Haut-Banc	Ferques
87317016	Gare de Boulogne Tintelleries	Boulogne-Sur-Mer
87317057	Gare de Rang du Fl. Verton Ber.	Rang-Du-Fliers
87317065	Gare de Etaples Le Touquet	Etaples
87317081	Gare de Dannes Camiers	Camiers
87317099	Gare de Neufchâtel-Hardelot-Pge	Neufchatel-Hardelot
87317107	Gare de Hesdigneul	Hesdigneul-Les-Boulogne
87317115	Gare de Pont de Briques	Saint-Etienne-Au-Mont
87317123	Gare de Wimille Wimereux	Wimille
87317263	Gare de Calais Ville	Calais
87317305	Gare de Les Fontinettes	Calais
87317321	Gare de Caffiers	Caffiers
87317339	Gare de Marquise Rinxent	Rinxent
87317362	Gare de Abbeville	Abbeville
87317396	Gare de Noyelles-sur-Mer	Noyelles-Sur-Mer
87317404	Gare de Rue	Rue
87317537	Eu	Eu
87317610	Gare de Beau Marais	Calais
87318964	Gare de Avignon-TGV	Avignon
87321745	Gare de Penhoet	Saint-Nazaire
87322347	Gare de Traou Nez	Plourivo
87323675	Gare de Montluçon-Rimard	Montlucon
87324095	Gare de Futuroscope	Chasseneuil-Du-Poitou
87324335	Gare de Hirson-Ecoles	Hirson
87328021	Gare de Les Cauquillous	Lavaur
87328195	Gare de Thesee	Thesee
87334490	Gare de Cesson-Sévigné	Cesson-Sevigne
87334508	Gare de La Poterie	Rennes
87337378	Gare de Dives-sur-Mer-Port-Guil	Dives-Sur-Mer
87338517	Gare de Hoenheim-Tram	HNheim
87338525	Gare de Krimmeri-Meinau	Strasbourg
87342006	Gare de Béthune	Bethune
87342014	Gare de Arras	Arras
87342030	Gare de Miraumont	Miraumont
87342048	Gare de Achiet	Achiet-Le-Grand
87342063	Gare de Courcelles-le-Comte	Courcelles-Le-Comte
87342071	Gare de Boisleux	Boisleux-Au-Mont
87342089	Gare de Roeux (Pas de Calais)	RUx
87342097	Gare de Biache St Vaast	Biache-Saint-Vaast
87342105	Gare de Bully Grenay	Grenay
87342113	Gare de Vitry en Artois	Vitry-En-Artois
87342121	Gare de Mazingarbe	Mazingarbe
87342139	Gare de Noeux	NUx-Les-Mines
87342188	Gare de Maroeuil	MarUil
87342204	Gare de Fouquereuil	Fouquereuil
87342212	Gare de Frévin Capelle	Frevin-Capelle
87342220	Gare de Chocques	Chocques
87342238	Gare de Lillers	Lillers
87342246	Gare de Aubigny en Artois	Aubigny-En-Artois
87342253	Gare de Savy-Berlette	Savy-Berlette
87342261	Gare de Ham en Artois	Ham-En-Artois
87342279	Gare de Isbergues	Isbergues
87342287	Gare de Thiennes	Thiennes
87342295	Gare de Steenbecque	Steenbecque
87342303	Gare de Tincques	Tincques
87342337	Gare de St Pol sur Ternoise	Saint-Pol-Sur-Ternoise
87342402	Gare de Beuvry (Pas de Calais)	Beuvry
87342410	Gare de Cuinchy	Cuinchy
87342436	Gare de La Bassée	La Bassee
87342451	Gare de Salomé	Salome
87342469	Gare de Marquillies	Marquillies
87342527	Gare de Farbus	Farbus
87342576	Gare de Vimy	Vimy
87342584	Gare de Avion	Avion
87342592	Gare de Bailleul Sir Berthoult	Bailleul-Sir-Berthoult
87343004	Gare de Valenciennes	Valenciennes
87343103	Gare de St-Amand-les-Eaux	Saint-Amand-Les-Eaux
87343160	Gare de Beuvrages	Beuvrages
87343210	Gare de Le Poirier Université	Trith-Saint-Leger
87343301	Gare de Wallers	Wallers
87343319	Gare de Raismes (Nord)	Raismes
87343400	Gare de Trith St Léger	Trith-Saint-Leger
87343418	Gare de Prouvy Thiant	Prouvy
87343459	Gare de Denain	Denain
87343475	Gare de Lourches	RUlx
87345009	Gare de Douai	Douai
87345025	Gare de Lens	Lens
87345033	Gare de Loos en Gohelle	Lens
87345041	Gare de Liévin	Lievin
87345108	Gare de Brebières Sud	Brebieres
87345116	Gare de Corbehem	Corbehem
87345124	Gare de Pont de Sallaumines	Sallaumines
87345132	Gare de Coron de Méricourt	Mericourt
87345140	Gare de Billy Montigny	Billy-Montigny
87345157	Gare de Hénin Beaumont	Henin-Beaumont
87345165	Gare de Dourges	Dourges
87345207	Gare de Pont de la Deule	Flers-En-Escrebieux
87345215	Gare de Sallaumines	Sallaumines
87345223	Gare de Leforest	Leforest
87345231	Gare de Loison sous Lens	Loison-Sous-Lens
87345249	Gare de Ostricourt	Ostricourt
87345256	Gare de Libercourt	Libercourt
87345264	Gare de Pont à Vendin	Vendin-Le-Vieil
87345272	Gare de Meurchin	Meurchin
87345280	Gare de Bauvin Provin	Bauvin
87345306	Gare de Montigny en Ostrevent	Montigny-En-Ostrevent
87345314	Gare de Somain	Somain
87345389	Gare de Bouchain	Neuville-Sur-Escaut
87345397	Gare de Iwuy	Iwuy
87345405	Gare de Sin le Noble	Sin-Le-Noble
87345413	Gare de Cantin	Cantin
87345421	Gare de Arleux	Arleux
87345439	Gare de Brunémont	Brunemont
87345447	Gare de Aubigny au Bac	Aubigny-Au-Bac
87345496	Gare de Escaudoeuvres	EscaudUvres
87345520	Gare de Cambrai Ville	Cambrai
87345546	Gare de Maurois	Honnechy
87345553	Gare de Bertry	Bertry
87345561	Gare de Caudry	Caudry
87345587	Gare de Cattenières	Cattenieres
87345595	Gare de Wambaix	Wambaix
87352047	Gare de Champagnole-PE-Victor	Champagnole
87353573	Gare de Le Toec	Toulouse
87353581	Gare de Les Ramassiers	Toulouse
87353599	Gare de St-Martin-du-Touch	Toulouse
87354589	Gare de St-Sébastien-P-E	Saint-Sebastien-Sur-Loire
87354597	Gare de St-Sébastien-F-R	Saint-Sebastien-Sur-Loire
87381509	Gare de Mantes-la-Jolie	Mantes-La-Ville
87381624	Gare de Bréval	Breval
87384008	Gare de Paris-St-Lazare	Paris
87386540	Gare de Munster-Badischhof	Munster
87387001	Gare de Evreux - Normandie	Evreux
87387092	Gare de Bueil	Bueil
87387142	Gare de La Bonneville-sur-Iton	La Bonneville-Sur-Iton
87387159	Gare de Conches	Conches-En-Ouche
87387175	Gare de Romilly-la-Puthenaye	Romilly-La-Puthenaye
87387183	Gare de Beaumont-le-Roger	Beaumont-Le-Roger
87391003	Gare de Paris-Montparnasse 1-2	Paris
87391102	Gare de Paris-Montp.3-Vaug.	Paris
87391300	Gare de Morre	Morre
87393009	Gare de Versailles-Chantiers	Versailles
87393256	Gare de La Verrière	La Verriere
87393314	Gare de Rambouillet	Rambouillet
87393348	Gare de Gazeran	Gazeran
87393488	Gare de Dreux	Dreux
87393553	Gare de Nonancourt	Nonancourt
87393595	Gare de Verneuil-sur-Avre	Verneuil D'Avre Et D'Iton
87394007	Gare de Chartres	Chartres
87394015	Gare de Lucé	Luce
87394114	Gare de Epernon	Epernon
87394130	Gare de Maintenon	Maintenon
87394148	Gare de St-Piat	Saint-Piat
87394155	Gare de Jouy	Jouy
87394171	Gare de La Villette-St-Prest	Saint-Prest
87394205	Gare de Amilly-Ouerray	Amilly
87394213	Gare de St-Aubin-St-Luperce	Saint-Aubin-Des-Bois
87394221	Gare de Courville-sur-Eure	Courville-Sur-Eure
87394247	Gare de Pontgouin	Pontgouin
87394254	Gare de La Loupe	La Loupe
87394270	Gare de Bretoncelles	Bretoncelles
87394288	Gare de Condé-sur-Huisne	Sablons Sur Huisne
87394296	Gare de Nogent-le-Rotrou	Nogent-Le-Rotrou
87394403	Gare de La Taye	Saint-Georges-Sur-Eure
87394411	Gare de Bailleau-le-Pin	Bailleau-Le-Pin
87394429	Gare de Magny-Blandainville	Magny
87394437	Gare de Illiers-Combray	Illiers-Combray
87394452	Gare de Brou	Brou
87394486	Gare de Arrou	Commune Nouvelle D'Arrou
87394494	Gare de Courtalain-St-Pellerin	Commune Nouvelle D'Arrou
87396002	Gare de Le Mans	Le Mans
87396028	Gare de Neuville-sur-Sarthe	Neuville-Sur-Sarthe
87396036	Gare de La Guierche	La Guierche
87396044	Gare de Montbizot	Montbizot
87396051	Gare de Teillé (Sarthe)	Teille
87396077	Gare de Vivoin-Beaumont	Vivoin
87396093	Gare de La Hutte-Coulombiers	Fresnay-Sur-Sarthe
87396200	Gare de Domfront (Sarthe)	Domfront-En-Champagne
87396218	Gare de Conlie	Conlie
87396226	Gare de Crissé	Crisse
87396234	Gare de Sillé-le-Guillaume	Sille-Le-Guillaume
87396259	Gare de Rouessé-Vassé	Rouesse-Vasse
87396275	Gare de Champagné	Champagne
87396283	Gare de St-Mars-la-Brière	Saint-Mars-La-Briere
87396291	Gare de Montfort-le-Gesnois	Montfort-Le-Gesnois
87396309	Gare de Connerré-Beillé	Beille
87396317	Gare de Sceaux-Boessé	Boesse-Le-Sec
87396325	Gare de La Ferté-Bernard	La Ferte-Bernard
87396333	Gare de Le Theil-la-Rouge	Val-Au-Perche
87396358	Gare de Voivres	Voivres-Les-Le-Mans
87396366	Gare de La Suze	La Suze-Sur-Sarthe
87396374	Gare de Noyen	Noyen-Sur-Sarthe
87396408	Gare de Sablé-sur-Sarthe	Sable-Sur-Sarthe
87396549	Gare de Arnage	Arnage
87396556	Gare de Laigné-St-Gervais	Saint-Gervais-En-Belin
87396564	Gare de Ecommoy	Ecommoy
87396572	Gare de Aubigné-Racan	Aubigne-Racan
87396580	Gare de Mayet	Mayet
87396598	Gare de Vaas	Vaas
87396606	Gare de Château-du-Loir	Montval-Sur-Loir
87396895	Gare de Clermont - La Rotonde	Clermont-Ferrand
87400986	Gare de Magneux-Courlandon	Magneux
87401323	Gare de Mouans Sartoux	Mouans-Sartoux
87402297	Gare de Colmar-Mésanges	Colmar
87411017	Gare de Rouen-Rive-Droite	Rouen
87411173	Gare de Elbeuf-St-Aubin	Saint-Aubin-Les-Elbeuf
87411181	Gare de Tourville	Tourville-La-Riviere
87411207	Gare de Oissel	Oissel
87411215	Gare de St-Etienne-du-Rouvray	Saint-Etienne-Du-Rouvray
87411223	Gare de Sotteville	Sotteville-Les-Rouen
87411249	Gare de Maromme	Notre-Dame-De-Bondeville
87411256	Gare de Malaunay-le-Houlme	Le Houlme
87411264	Gare de Barentin	Barentin
87411272	Gare de Pavilly	Pavilly
87411280	Gare de Motteville	Motteville
87411439	Gare de Morgny	Morgny-La-Pommeraye
87411447	Gare de Longuerue-Vieux-Manoir	Vieux-Manoir
87411454	Gare de Montérolier-Buchy	Buchy
87411462	Gare de Sommery	Sommery
87411470	Gare de Serqueux	Serqueux
87411801	Gare de Montville	Eslettes
87411819	Gare de Clères	Beautot
87413013	Gare de Le Havre	Le Havre
87413203	Gare de Le Havre-Graville	Le Havre
87413302	Gare de Harfleur	Harfleur
87413310	Gare de St-Laurent-Gainneville	Saint-Laurent-De-Brevedent
87413328	Gare de Etainhus-St-Romain	Etainhus
87413344	Gare de Bréauté-Beuzeville	Breaute
87413377	Gare de Foucart-Alvimare	Foucart
87413385	Gare de Yvetot	Yvetot
87413542	Gare de Fécamp	Fecamp
87413708	Gare de Harfleur (Halte)	Harfleur
87413716	Gare de J.Monod-la-Demi-Lieue	Montivilliers
87413724	Gare de Montivilliers	Montivilliers
87413732	Gare de Epouville	Epouville
87413740	Gare de Rolleville	Rolleville
87415018	Gare de Dieppe	Dieppe
87415125	Gare de St-Aubin-sur-Scie	Saint-Aubin-Sur-Scie
87415141	Gare de Longueville-sur-Scie	Longueville-Sur-Scie
87415158	Gare de Auffay	Val-De-Scie
87415166	Gare de St-Victor	Saint-Maclou-De-Folleville
87415323	Gare de Bourgthéroulde-T.h.	Grand Bourgtheroulde
87415364	Gare de Brionne (Eure)	Brionne
87415604	Gare de Vernon-Giverny	Vernon
87415620	Gare de Gaillon-Aubevoye	Le Val D'Hazey
87415661	Gare de Pont-de-l'Arche	Alizay
87415877	Gare de Val-de-Reuil	Val-De-Reuil
87415885	Gare de Rosny-sur-Seine	Rosny-Sur-Seine
87415893	Gare de Bonnières	Bonnieres-Sur-Seine
87417444	Gare de Franchet-D'espèrey	Reims
87417501	Gare de Lancey	Villard-Bonnot
87437798	Gare de La-Rochelle-Pt-Dauphine	La Rochelle
87437806	Gare de Aytre.-Plage	Aytre
87439554	Gare de Vitrolles-Aér-Marseille	Vitrolles
87444000	Gare de Caen	Caen
87444042	Gare de Bretteville-Norrey	Saint-Manvieu-Norrey
87444059	Gare de Audrieu	Audrieu
87444067	Gare de Bayeux	Bayeux
87444083	Gare de Le Molay-Littry	Le Molay-Littry
87444182	Gare de Frénouville-Cagny	Frenouville
87444190	Gare de Moult-Argences	Moult-Chicheboville
87444208	Gare de Mézidon-Canon	Mezidon Vallee D'Auge
87444216	Gare de St-Pierre-sur-Dives	Saint-Pierre-En-Auge
87444265	Gare de Lisieux	Lisieux
87444299	Gare de Bernay	Bernay
87444315	Gare de Serquigny	Serquigny
87444323	Gare de Le Grand-Jardin	Lisieux
87444349	Gare de Pont-l'Evêque	Pont-L'Eveque
87444372	Gare de Trouville-Deauville	Deauville
87444380	Gare de Blonville-Bénerville	Blonville-Sur-Mer
87444398	Gare de Villers-sur-Mer	Villers-Sur-Mer
87444406	Gare de Houlgate	Houlgate
87444414	Gare de Dives-Cabourg	Dives-Sur-Mer
87444539	Gare de Argentan	Moulins-Sur-Orne
87444562	Gare de Surdon	Le Chateau-D'Almeneches
87444604	Gare de Ste-Gauburge	Sainte-Gauburge-Sainte-Colombe
87444638	Gare de L'Aigle	L'Aigle
87444695	Gare de Sées	Sees
87444711	Gare de Alençon	Alencon
87444877	Gare de Cherbourg	Cherbourg-En-Cotentin
87446179	Gare de Saint-Cyprien-Arènes	Toulouse
87447003	Gare de St-Lô	Saint-Lo
87447110	Gare de Coutances	Coutances
87447219	Gare de Lison	Moon-Sur-Elle
87447243	Gare de Carentan	Carentan-Les-Marais
87447284	Gare de Valognes	Valognes
87447649	Gare de Folligny	Folligny
87447680	Gare de Granville	Granville
87447698	Gare de Villedieu (Gare)	Villedieu-Les-Poeles-Rouffigny
87448001	Gare de Flers	Flers
87448084	Gare de Briouze	Briouze
87448159	Gare de Vire	Vire Normandie
87448514	Gare de Avranches	Avranches
87462085	Gare de Chamonix-Aiguille-Midi	Chamonix-Mont-Blanc
87471003	Gare de Rennes	Rennes
87471029	Gare de Vern	Vern-Sur-Seiche
87471037	Gare de Bruz	Bruz
87471045	Gare de Betton	Betton
87471052	Gare de St-Jacques-de-la-Lande	Saint-Jacques-De-La-Lande
87471060	Gare de L'Hermitage-Mordelles	L'Hermitage
87471078	Gare de Montfort-sur-Meu	Montfort-Sur-Meu
87471086	Gare de Montauban-de-Bretagne	Montauban-De-Bretagne
87471094	Gare de La Brohinière	Montauban-De-Bretagne
87471102	Gare de Breteil	Saint-Gilles
87471144	Gare de Laillé	Guichen
87471151	Gare de Guichen-Bourg-des-Comp.	Guichen
87471169	Gare de St-Senoux-Pléchatel	Saint-Senoux
87471177	Gare de Pléchatel	Plechatel
87471185	Gare de Messac-Guipry	Guipry-Messac
87471201	Gare de Fougeray-Langon	Langon
87471219	Gare de Beslé	Guemene-Penfao
87471227	Gare de Massérac	Masserac
87471300	Gare de Redon	Redon
87471318	Gare de St-Armel	Saint-Armel
87471326	Gare de Corps-Nuds	Corps-Nuds
87471334	Gare de Janzé	Janze
87471342	Gare de Le Theil-de-Bretagne	Le Theil-De-Bretagne
87471359	Gare de Retiers	Retiers
87471367	Martigné-Ferchaud	Martigne-Ferchaud
87471391	Gare de Pontchaillou	Rennes
87471458	Gare de Chevaigne	Chevaigne
87471508	Gare de Vitré	Vitre
87471516	Gare de Les Lacs	Saint-Aubin-Des-Landes
87471524	Gare de Châteaubourg	Chateaubourg
87471532	Gare de Servon	Servon-Sur-Vilaine
87471540	Gare de Noyal-Acigné	Noyal-Sur-Vilaine
87472605	Gare de Thann-Centre	Thann
87472639	Gare de Zu-Rhein	Mulhouse
87473009	Gare de St-Brieuc	Saint-Brieuc
87473058	Gare de Quédillac	Quedillac
87473066	Gare de Caulnes	Caulnes
87473074	Gare de Broons	Broons
87473082	Gare de Plenée-Jugon	Plenee-Jugon
87473090	Gare de Plestan	Plestan
87473108	Gare de Lamballe	Lamballe-Armor
87473116	Gare de Yffiniac	Yffiniac
87473124	Gare de La Méaugon	La Meaugon
87473132	Gare de Plouvara-Plerneuf	Plouvara
87473140	Gare de Chatelaudren-Plouagat	Chatelaudren-Plouagat
87473165	Gare de Belle-Isle-Bégard	Louargat
87473181	Gare de Plouaret-Trégor	Le Vieux-Marche
87473199	Gare de Plounérin	Plounerin
87473207	Gare de Guingamp	Guingamp
87473223	Gare de Lannion	Lannion
87473264	Gare de Landébia	Landebia
87473272	Gare de Plancoet	Plancoet
87473504	Gare de Carhaix	Carhaix-Plouguer
87473512	Gare de Mousteru	Bourbriac
87473520	Gare de Pont-Melvez	Pont-Melvez
87473538	Gare de Plougonver	Plougonver
87473546	Gare de Callac	Callac
87473553	Gare de Le Pénity	Duault
87473561	Gare de Carnoët-Locarn	Locarn
87473579	Gare de Coat-Guégan	Pont-Melvez
87473587	Gare de Les Mais	Callac
87473801	Gare de Gourland	Graces
87473819	Gare de Trégonneau-Squiffiec	Squiffiec
87473827	Gare de Brélidy-Plouec	Plouec-Du-Trieux
87473835	Gare de Pontrieux (Halte)	Pontrieux
87473843	Gare de Pontrieux	Pontrieux
87473850	Gare de Lancerf	Plourivo
87473868	Gare de Paimpol	Paimpol
87473876	Gare de Frynaudour	Plourivo
87474007	Gare de Brest	Brest
87474015	Gare de Dirinon	Loperhet
87474056	Gare de Pont-de-Buis	Pont-De-Buis-Les-Quimerch
87474098	Gare de Quimper	Quimper
87474155	Gare de Rosporden	Rosporden
87474189	Gare de Bannalec	Bannalec
87474213	Gare de Kerhuon	Le Relecq-Kerhuon
87474221	Gare de La Forest	La Forest-Landerneau
87474239	Gare de Landerneau	Landerneau
87474262	Gare de La Roche (Maurice)	La Roche-Maurice
87474270	Gare de Landivisiau	Landivisiau
87474296	Gare de Guimiliau	Guimiliau
87474312	Gare de St-Thégonnec	Saint-Thegonnec Loc-Eguiner
87474320	Gare de Pleyber-Christ	Pleyber-Christ
87474338	Gare de Morlaix	Morlaix
87474411	Gare de Plouigneau	Plouigneau
87476002	Gare de Lorient	Lorient
87476200	Gare de Auray	Auray
87476226	Gare de Landaul-Mendon	Landaul
87476234	Gare de Landevant	Landevant
87476242	Gare de Branderion	Branderion
87476259	Gare de Hennebont	Hennebont
87476309	Gare de Gestel	Gestel
87476317	Gare de Quimperlé	Quimperle
87476606	Gare de Vannes	Vannes
87476648	Gare de Ste-Anne (Morbihan)	Pluneret
87476671	Gare de Questembert	Questembert
87476689	Gare de Malansac	Malansac
87476754	Gare de Sévérac	Severac
87476762	Gare de St-Gildas-des-Bois	Saint-Gildas-Des-Bois
87476770	Gare de Dreffeac	Dreffeac
87478016	Gare de St-Germain-sur-Ille	Saint-Germain-Sur-Ille
87478024	Gare de St-Médard-sur-Ille	Saint-Medard-Sur-Ille
87478032	Gare de Montreuil-sur-Ille	Montreuil-Sur-Ille
87478040	Gare de Dingé	Dinge
87478057	Gare de Combourg	Combourg
87478065	Gare de Bonnemain	Bonnemain
87478073	Gare de Dol	Dol-De-Bretagne
87478081	Gare de La Fresnais	La Fresnais
87478099	Gare de La Gouesnière-Cancale	Saint-Meloir-Des-Ondes
87478107	Gare de St-Malo	Saint-Malo
87478123	Plerguer	Plerguer
87478131	Miniac	Miniac-Morvan
87478149	Pleudihen	Pleudihen-Sur-Rance
87478156	La Hisse	Saint-Samson-Sur-Rance
87478164	Gare de Dinan	Dinan
87478180	Gare de Corseul-Languenan	Languenan
87478263	Gare de Pontorson-Mt-St-Michel	Pontorson
87478404	Gare de Laval	Laval
87478511	Gare de Louverné	Louverne
87478537	Gare de Montsurs	Bree
87478545	Gare de Neau	Neau
87478552	Gare de Evron	Evron
87478560	Gare de Voutré	Voutre
87478743	Gare de Le Genest	Le Genest-Saint-Isle
87478750	Gare de Port-Brillet	Port-Brillet
87478768	Gare de St-Pierre-la-Cour	Saint-Pierre-La-Cour
87481002	Gare de Nantes	Nantes
87481036	Gare de Rezé-Pont-Rousseau	Reze
87481051	Gare de Chantenay	Nantes
87481069	Gare de La Basse-Indre-St-Herb.	Saint-Herblain
87481143	Gare de Thouaré	Thouare-Sur-Loire
87481150	Gare de Mauves-sur-Loire	Mauves-Sur-Loire
87481168	Gare de Le Cellier	Le Cellier
87481176	Gare de Boussay-la-Bruffière	Boussay
87481184	Gare de Oudon	Oudon
87481192	Gare de Ancenis	Ancenis-Saint-Gereon
87481200	Gare de Bouaye	Bouaye
87481218	Gare de Port-St-Père-St-M.	Port-Saint-Pere
87481226	Gare de Ste-Pazanne	Sainte-Pazanne
87481234	Gare de St-Hilaire-de-Chaléons	Saint-Hilaire-De-Chaleons
87481242	Gare de Bourgneuf-en-Retz	Villeneuve-En-Retz
87481259	Gare de Les Moutiers-en-Retz	Les Moutiers-En-Retz
87481267	Gare de La Bernerie-en-Retz	La Bernerie-En-Retz
87481366	Gare de Machecoul	Machecoul-Saint-Meme
87481390	Gare de Challans	Challans
87481408	Gare de Vertou	Vertou
87481416	Gare de La Haie-Fouassière	La Haie-Fouassiere
87481424	Gare de Le Pallet	Le Pallet
87481432	Gare de Gorges	Gorges
87481440	Gare de Clisson	Clisson
87481457	Gare de Cugand	Cugand
87481465	Gare de Montaigu (Vendée)	Montaigu-Vendee
87481564	Gare de La-Chapelle-Centre	La Chapelle-Sur-Erdre
87481598	Gare de Nort-sur-Erdre	Nort-Sur-Erdre
87481614	Gare de Abbaretz	Abbaretz
87481622	Gare de Issé	Isse
87481648	Châteaubriant	Chateaubriant
87481689	Gare de La Croix-de-Méan	Saint-Nazaire
87481697	Gare de La Baule-les-Pins	La Baule-Escoublac
87481705	Gare de St-Nazaire	Saint-Nazaire
87481713	Gare de Montoir-de-Bretagne	Montoir-De-Bretagne
87481721	Gare de Donges	Donges
87481747	Gare de Pornichet	Pornichet
87481754	Gare de La Baule-Escoublac	La Baule-Escoublac
87481762	Gare de Le Pouliguen	Le Pouliguen
87481770	Gare de Batz-sur-Mer	Batz-Sur-Mer
87481788	Gare de Le Croisic	Le Croisic
87481804	Gare de Couéron	Coueron
87481812	Gare de St-Etienne-de-Montluc	Saint-Etienne-De-Montluc
87481820	Gare de Cordemais	Cordemais
87481838	Gare de Savenay	Savenay
87481846	Gare de Pontchâteau	Pontchateau
87484006	Gare de Angers-St-Laud	Angers
87484048	Gare de Angers-Maitre-Ecole	Angers
87484139	Gare de Le Vieux-Briollay	Briollay
87484147	Gare de Tiercé	Tierce
87484154	Gare de Etriché-Chateauneuf	Etriche
87484170	Gare de Morannes	Morannes Sur Sarthe-Daumeray
87484204	Gare de Chalonnes	Chalonnes-Sur-Loire
87484246	Gare de Chemillé	Chemille-En-Anjou
87484303	Gare de Cholet	Cholet
87484329	Gare de Savennières-Béhuard	Savennieres
87484337	Gare de La Possonnière	La Possonniere
87484352	Gare de Champtocé-sur-Loire	Champtoce-Sur-Loire
87484360	Gare de Ingrandes-sur-Loire	Ingrandes-Le Fresne Sur Loire
87484386	Gare de Varades-St-Florent Le V	Loireauxence
87485003	Gare de La Rochelle-Ville	La Rochelle
87485102	Gare de Angoulins-sur-Mer	Angoulins
87485110	Gare de Chatelaillon-Plage	Chatelaillon-Plage
87485136	Gare de St-Laurent-Fouras	Saint-Laurent-De-La-Pree
87485144	Gare de Rochefort	Rochefort
87485151	Gare de Tonnay-Charente	Tonnay-Charente
87485185	Gare de La-Jarrie	La Jarrie
87485193	Gare de Aigrefeuille-le-Thou	Le Thou
87485227	Gare de Surgères	Surgeres
87485250	Gare de Mauzé	Mauze-Sur-Le-Mignon
87485268	Gare de Prin-Deyrançon	Prin-Deyrancon
87485300	Gare de Niort	Niort
87485326	Gare de Fors	Fors
87485334	Gare de Marigny (Deux-Sèvres)	Marigny
87485342	Gare de Beauvoir-sur-Niort	Beauvoir-Sur-Niort
87485359	Gare de Prissé-la-Charrière	Plaine-D'Argenson
87485474	Gare de La Crèche	La Creche
87485490	Gare de St-Maixent (Deux-Sèvr.)	Saint-Maixent-L'Ecole
87485508	Gare de La Mothe-St-Héray	Sainte-Eanne
87485524	Gare de Pamproux	Pamproux
87485532	Gare de Rouillé	Rouille
87485540	Gare de Lusignan	Lusignan
87486019	Gare de La Roche-sur-Yon	La Roche-Sur-Yon
87486142	Gare de Belleville-sur-Vie	Bellevigny
87486258	Gare de Luçon	Lucon
87486308	Gare de La Chaize-le-Vicomte	La Chaize-Le-Vicomte
87486316	Gare de Fougeré	Fougere
87486324	Gare de Bournezeau	Bournezeau
87486332	Gare de Chantonnay	Chantonnay
87486423	Gare de La Mothe-Achard	Les Achards
87486431	Gare de Olonne-sur-Mer	Les Sables-D'Olonne
87486449	Gare de Les Sables-d'Olonne	Les Sables-D'Olonne
87486563	Gare de St-Hilaire-de-Riez SNCF	Saint-Hilaire-De-Riez
87486571	Gare de St-Gilles-Croix-de-Vie	Saint-Gilles-Croix-De-Vie
87486894	Gare de Torfou-Tiffauges	Sevremoine
87487009	Gare de Thouars	Thouars
87487249	Gare de Bressuire	Bressuire
87487280	Gare de Cerizay	Cerizay
87487314	Gare de Pouzauges	La Meilleraie-Tillay
87487603	Gare de Saumur	Saumur
87487637	Gare de Montreuil-Bellay	Montreuil-Bellay
87487843	Gare de La Bohalle	Loire-Authion
87487876	Gare de Les Rosiers-sur-Loire	Gennes-Val-De-Loire
87487884	Gare de La Menitré	La Menitre
87487892	Gare de St-Mathurin	Loire-Authion
87491001	Gare de Saintes	Saintes
87491019	Gare de Bords	Bords
87491035	Gare de St-Savinien/Charente	Saint-Savinien
87491076	Gare de Beillant	Saint-Sever-De-Saintonge
87491100	Gare de Pons	Pons
87491142	Gare de Jonzac	Jonzac
87491183	Gare de Montendre	Montendre
87491191	Gare de Bussac	Bussac-Foret
87491209	Gare de St-Mariens-St-Yzan	Saint-Yzan-De-Soudiac
87491217	Gare de Cavignac	Cavignac
87491225	Gare de Gauriaguet	Gauriaguet
87491233	Gare de Aubie-St-Antoine	Val De Virvee
87491241	Gare de St-André-de-Cubzac	Saint-Andre-De-Cubzac
87491258	Gare de Villeneuve-la-Comtesse	Villeneuve-La-Comtesse
87491266	Gare de Cubzac-les-Ponts	Cubzac-Les-Ponts
87491274	Gare de La Grave-d'Ambarès-G-i	Ambares-Et-Lagrave
87491282	Gare de Ste-Eulalie-Carbon-Blan	Sainte-Eulalie
87491290	Gare de Loulay	Loulay
87491324	Gare de St-Hilaire-Brizambourg	Saint-Hilaire-De-Villefranche
87491357	Gare de St-Jean-d'Angély	Saint-Jean-D'Angely
87491449	Gare de Cognac	Cognac
87491472	Gare de Jarnac-Charente	Mainxe-Gondeville
87491506	Gare de Châteauneuf/Charente	Chateauneuf-Sur-Charente
87491803	Gare de Royan	Royan
87491811	Gare de Saujon	Saujon
87497461	Gare de Gallieni-Cancéropôle	Toulouse
87534321	Gare de Mulhouse Dornach TT	Mulhouse
87534339	Gare de Mulhouse-Musées	Mulhouse
87534347	Gare de Lutterbach Tram-train	Lutterbach
87543009	Gare de Orléans	Orleans
87543017	Gare de Aubrais-(les)	Fleury-Les-Aubrais
87543033	Gare de Cercottes	Cercottes
87543041	Gare de Chevilly	Chevilly
87543058	Gare de Artenay	Artenay
87543066	Gare de Château-Gaillard	Santilly
87543074	Gare de Toury	Toury
87543082	Gare de Boisseaux	Boisseaux
87543090	Gare de Angerville	Angerville
87543116	Gare de St-Cyr-en-Val-La-Source	Saint-Cyr-En-Val
87543124	Gare de La Ferté-St-Aubin	La Ferte-Saint-Aubin
87543140	Gare de Lamotte-Beuvron	Lamotte-Beuvron
87543157	Gare de Nouan-le-Fuzelier	Nouan-Le-Fuzelier
87543165	Gare de Salbris	Salbris
87543199	Gare de Theillay	Theillay
87543371	Gare de La Chapelle-St-Mesmin	La Chapelle-Saint-Mesmin
87545111	Gare de Monnerville	Monnerville
87545129	Gare de Guillerval	Guillerval
87545137	Gare de Etampes	Etampes
87545525	Gare de Dourdan	Dourdan
87545657	Gare de Auneau	Roinville
87545707	Gare de Voves	Les Villages Voveens
87545731	Gare de Bonneval	Bonneval
87545756	Gare de Châteaudun	Chateaudun
87547000	Gare de Paris-Austerlitz	Paris
87559070	Gare de Nevers-Le-Banlay	Nevers
87562421	Gare de Aulnat-Aéroport	Aulnat
87566919	Gare de Lentilly-Charpenay	Lentilly
87571000	Gare de Tours	Tours
87571216	Gare de Vendôme-Villiers-s-Loir	Villiers-Sur-Loir
87571240	Gare de St-Pierre-des-Corps	Saint-Pierre-Des-Corps
87571273	Gare de Montlouis	Montlouis-Sur-Loire
87571406	Gare de Montbazon	Montbazon
87571414	Gare de Veigné	Veigne
87571422	Gare de Esvres	Esvres
87571430	Gare de Cormery	Cormery
87571448	Gare de Courcay-Tauxigny	Courcay
87571455	Gare de Reignac	Reignac-Sur-Indre
87571463	Gare de Chambourg	Chambourg-Sur-Indre
87571471	Gare de Loches	Loches
87571513	Gare de La Membrolle-sur-Chois.	Saint-Cyr-Sur-Loire
87571539	Gare de St-Antoine-du-Rocher	Saint-Antoine-Du-Rocher
87571547	Gare de Neuillé-Pont-Pierre	Neuille-Pont-Pierre
87571554	Gare de St-Paterne	Saint-Paterne-Racan
87571604	Gare de Ballan	Ballan-Mire
87571612	Gare de Druye	Druye
87571638	Gare de Azay-le-Rideau	Azay-Le-Rideau
87571653	Gare de Rivarennes	Rivarennes
87571687	Gare de Chinon	Chinon
87571794	Gare de Port-Boulet	Chouze-Sur-Loire
87571802	Gare de La Chapelle-sur-Loire	La Chapelle-Sur-Loire
87571810	Gare de St-Patrice	Coteaux-Sur-Loire
87571828	Gare de Langeais	Langeais
87571836	Gare de Cinq-Mars	Cinq-Mars-La-Pile
87571844	Gare de Savonnières	Savonnieres
87571851	Gare de St-Genouph	Saint-Genouph
87571885	Gare de Joué-lès-Tours	Joue-Les-Tours
87574004	Gare de Blois-Chambord	Blois
87574111	Gare de Chaingy-Fourneaux-Plage	Chaingy
87574129	Gare de St-Ay	Saint-Ay
87574137	Gare de Meung-sur-Loire	Meung-Sur-Loire
87574152	Gare de Baule	Baule
87574160	Gare de Beaugency	Beaugency
87574194	Gare de Mer (Loir-et-Cher)	Mer
87574236	Gare de Suèvres	Suevres
87574244	Gare de Ménars	Menars
87574251	Gare de La Chaussée-St-Victor	La Chaussee-Saint-Victor
87574301	Gare de Chouzy	Valloire-Sur-Cisse
87574319	Gare de Onzain-Chaumont-/-L	Veuzain-Sur-Loire
87574327	Gare de Veuves-Monteaux	Veuzain-Sur-Loire
87574335	Gare de Limeray	Limeray
87574343	Gare de Amboise	Amboise
87574368	Gare de Noizay	Noizay
87574434	Gare de Veretz-Montlouis	Montlouis-Sur-Loire
87574442	Gare de Azay-sur-Cher	Montlouis-Sur-Loire
87574459	Gare de St-Martin-le-Beau	Saint-Martin-Le-Beau
87574475	Gare de Bléré-la-Croix	La Croix-En-Touraine
87574491	Gare de Chenonceaux	Chenonceaux
87574509	Gare de Cloyes	Cloyes-Les-Trois-Rivieres
87574533	Gare de Fréteval-Morée	Freteval
87574541	Gare de Pézou	Pezou
87574558	Gare de Vendôme	Vendome
87574640	Gare de St-Amand-de-Vendôme	Saint-Amand-Longpre
87574665	Gare de Château-Renault	Chateau-Renault
87574681	Gare de Monnaie	Monnaie
87574699	Gare de Notre-Dame-d'Oé	Notre-Dame-D'Oe
87574848	Gare de Chissay-en-Touraine	Chissay-En-Touraine
87574855	Gare de Montrichard	Montrichard Val De Cher
87574897	Gare de St-Aignan-Noyers	Noyers-Sur-Cher
87575001	Gare de Poitiers	Poitiers
87575035	Gare de Monts (Indre-et-Loire)	Monts
87575043	Gare de Villeperdue	Villeperdue
87575050	Gare de Ste-Maure-Noyant	Noyant-De-Touraine
87575068	Gare de Maillé	Maille
87575076	Gare de Port-de-Piles	La Celle-Saint-Avant
87575118	Gare de Les Ormes-sur-Vienne	Les Ormes
87575126	Gare de Dangé	Dange-Saint-Romain
87575134	Gare de Ingrandes-sur-Vienne	Ingrandes
87575142	Gare de Chatellerault	Chatellerault
87575167	Gare de Nerpuy	Naintre
87575175	Gare de Naintré-les-Barres	Naintre
87575183	Gare de La Tricherie	Beaumont Saint-Cyr
87575191	Gare de Dissay (Vienne)	Dissay
87575217	Gare de Jaunay-Clan	Jaunay-Marigny
87575225	Gare de Chasseneuil (Vienne)	Chasseneuil-Du-Poitou
87575274	Gare de Ligugé	Liguge
87575290	Gare de Vivonne	Vivonne
87575332	Gare de Anché-Voulon	Anche
87575357	Gare de Epanvilliers	Blanzay
87575365	Gare de St-Saviol	Saint-Saviol
87575480	Gare de Montmorillon	Montmorillon
87575498	Gare de Lathus	Lathus-Saint-Remy
87575704	Gare de Mignaloux-Nouaillé	Mignaloux-Beauvoir
87575845	Gare de Lussac-les-Châteaux	Lussac-Les-Chateaux
87576009	Gare de Vierzon	Vierzon
87576025	Gare de Romorantin-Blanc-Argent	Romorantin-Lanthenay
87576082	Gare de La Ferté-Imbault	La Ferte-Imbault
87576090	Gare de Vierzon-Forges	Vierzon
87576108	Gare de Foëcy	Foecy
87576116	Gare de Mehun-sur-Yèvre	Mehun-Sur-Yevre
87576132	Gare de Marmagne	Marmagne
87576140	Gare de Selles-St-Denis	Selles-Saint-Denis
87576157	Gare de Loreux	Loreux
87576165	Gare de Villeherviers	Villeherviers
87576173	Gare de Faubourg-d'Orléans	Romorantin-Lanthenay
87576181	Gare de Les Quatre-Roues	Pruniers-En-Sologne
87576199	Gare de Pruniers	Gievres
87576207	Gare de Bourges	Bourges
87576215	Gare de Valençay	Valencay
87576223	Gare de Chabris	Chabris
87576231	Gare de Varennes-sur-Fouzon	Val-Fouzon
87576272	Gare de St-Florent-sur-Cher	Saint-Florent-Sur-Cher
87576280	Gare de Lunery	Lunery
87576298	Gare de Châteauneuf-sur-Cher	Chateauneuf-Sur-Cher
87576306	Gare de Bigny	Vallenay
87576322	Gare de St-Amand-Montrond-Orval	Orval
87576348	Gare de Urçay	La Perche
87576363	Luçay-le-Male	Lucay-Le-Male
87576405	Gare de St-Germain-du-Puy	Saint-Germain-Du-Puy
87576439	Gare de Avord	Avord
87576447	Gare de Bengy	Bengy-Sur-Craon
87576454	Gare de Nérondes	Nerondes
87576470	Gare de La Guerche-sur-l'Aubois	La Guerche-Sur-L'Aubois
87576728	Gare de Mennetou-sur-Cher	Mennetou-Sur-Cher
87576868	Gare de Selles-sur-Cher	Selles-Sur-Cher
87576876	Gare de Gièvres	Gievres
87576884	Gare de Villefranche-sur-Cher	Villefranche-Sur-Cher
87577403	Gare de Iteuil (Centre)	Iteuil
87580340	Gare de Arenc-Euroméditerranée	Marseille-Arenc-Euroméditerranée
87581009	Gare de Bordeaux-St-Jean	Bordeaux
87581181	Gare de Ludon	Ludon-Medoc
87581199	Gare de Macau	Macau
87581215	Gare de Margaux	Margaux-Cantenac
87581231	Gare de Moulis-Listrac	Moulis-En-Medoc
87581256	Gare de Pauillac	Pauillac
87581314	Gare de Lesparre	Lesparre-Medoc
87581371	Gare de Soulac-sur-Mer	Soulac-Sur-Mer
87581389	Gare de Le-Verdon	Le Verdon-Sur-Mer
87581538	Gare de Caudéran-Mérignac	Bordeaux
87581595	Gare de Cenon	Cenon
87581710	Gare de Parempuyre	Parempuyre
87581728	Gare de Blanquefort	Blanquefort
87581736	Gare de Bruges	Bruges
87581751	Gare de Pessac	Pessac
87581793	Gare de Alouette-France	Pessac
87581801	Gare de Bègles	Begles
87581835	Gare de Villenave-d'Ornon	Villenave-D'Ornon
87581850	Gare de Bassens	Bassens
87582403	Gare de Gazinet-Cestas	Cestas
87582445	Gare de Marcheprime	Marcheprime
87582478	Gare de Biganos-Facture	Biganos
87582536	Gare de Ychoux	Ychoux
87582551	Gare de Labouheyre	Labouheyre
87582601	Gare de Le Teich	Le Teich
87582619	Gare de Gujan-Mestras	Gujan-Mestras
87582635	Gare de La Hume	Gujan-Mestras
87582643	Gare de La Teste	La Teste-De-Buch
87582668	Gare de Arcachon	Arcachon
87582684	Gare de Cadaujac	Cadaujac
87582692	Gare de St-Médard-d'Eyrans	Saint-Medard-D'Eyrans
87582700	Gare de Beautiran	Beautiran
87582718	Gare de Portets	Portets
87582726	Gare de Arbanats	Arbanats
87582734	Gare de Podensac	Podensac
87582742	Gare de Cérons	Cerons
87582759	Gare de Barsac	Barsac
87582767	Gare de Preignac	Preignac
87582775	Gare de Langon	Langon
87582825	Gare de St-Macaire	Saint-Macaire
87582833	Gare de St-Pierre-d'Aurillac	Saint-Pierre-D'Aurillac
87582841	Gare de Caudrot	Caudrot
87582858	Gare de Gironde	Gironde-Sur-Dropt
87582866	Gare de La Réole	La Reole
87582882	Gare de Lamothe-Landerron	Lamothe-Landerron
87583005	Gare de Angoulême	Angouleme
87583674	Gare de Montmoreau	Montmoreau
87583690	Gare de Chalais	Chalais
87583823	Gare de Luxé	Luxe
87583849	Gare de Ruffec (Charente)	Ruffec
87584052	Gare de Libourne	Libourne
87584102	Gare de St-Emilion	Saint-Emilion
87584136	Gare de Castillon	Castillon-La-Bataille
87584151	Gare de Lamothe-Montravel	Lamothe-Montravel
87584177	Gare de Velines	Velines
87584193	Gare de Ste-Foy-la-Grande	Pineuilh
87584201	Gare de St-Antoine-de-Breuilh	Saint-Antoine-De-Breuilh
87584235	Gare de Gardonne	Gardonne
87584243	Gare de Lamonzie-St-Martin	Lamonzie-Saint-Martin
87584268	Gare de Bergerac	Bergerac
87584425	Gare de Couze	Lalinde
87584441	Gare de Lalinde	Lalinde
87584466	Gare de Mauzac	Mauzac-Et-Grand-Castang
87584474	Gare de Trémolat	Tremolat
87584508	Gare de St-Denis-de-Pile	Saint-Denis-De-Pile
87584516	Gare de Coutras	Coutras
87584532	Gare de Les Eglisottes	Les Eglisottes-Et-Chalaures
87584540	Gare de St-Aigulin-la-Roche-Cha	Saint-Aigulin
87584607	Gare de St-Médard-de-Guizières	Saint-Medard-De-Guizieres
87584615	Gare de St-Seurin-sur-l'Isle	Saint-Seurin-Sur-L'Isle
87584714	Gare de Vayres	Vayres
87584722	Gare de St-Sulpice-Izon	Saint-Sulpice-Et-Cameyrac
87584730	Gare de St-Loubès	Saint-Loubes
87584755	Gare de La Gorp	Ambares-Et-Lagrave
87586008	Gare de Agen	Agen
87586107	Gare de Port-Ste-Marie	Port-Sainte-Marie
87586404	Gare de Pont-du-Casse	Pont-Du-Casse
87586412	Gare de Laroque	Laroque-Timbaut
87586438	Gare de Penne (Lot-et-Garonne)	Penne-D'Agenais
87586446	Gare de Trentels-Ladignac	Trentels
87586453	Gare de Monsempron-Libos	Monsempron-Libos
87586479	Gare de Ste-Bazeille	Sainte-Bazeille
87586495	Gare de Sauveterre-la-Lémance	Sauveterre-La-Lemance
87586545	Gare de Marmande	Marmande
87586651	Gare de Tonneins	Tonneins
87586693	Gare de Aiguillon (Lot et Gar)	Aiguillon
87590331	Gare de Haluchère-Batignolles	Nantes
87590349	Gare de Babinière	La Chapelle-Sur-Erdre
87590356	Gare de Erdre-Active	La Chapelle-Sur-Erdre
87590364	Gare de La-Chapelle-Aulnay	La Chapelle-Sur-Erdre
87590372	Gare de Châteaubriant-TT	Chateaubriant
87590828	Gare de Sucé-Sur-Erdre	Suce-Sur-Erdre
87592006	Gare de Limoges-Bénédictins	Limoges
87592022	Gare de Limoges-Montjovis	Limoges
87592048	Gare de Les Bardys	Saint-Priest-Taurion
87592055	Gare de St-Priest-Taurion	Saint-Priest-Taurion
87592063	Gare de Brignac	Royeres
87592071	Gare de St-Léonard-de-Noblat-S	Saint-Leonard-De-Noblat
87592097	Gare de St-Denis-des-Murs	Saint-Denis-Des-Murs
87592105	Gare de Châteauneuf-Bujaleuf	Neuvic-Entier
87592121	Gare de Eymoutiers-Vassiviere	Eymoutiers
87592147	Gare de Lacelle-Corrèze	Lacelle
87592162	Gare de Bugeat	Bugeat
87592170	Gare de Perols	Perols-Sur-Vezere
87592246	Gare de Solignac-le-Vigen	Le Vigen
87592253	Gare de Pierre-Buffière	Pierre-Buffiere
87592279	Gare de Magnac-Vicq	Vicq-Sur-Breuilh
87592287	Gare de St-Germain-les-Belles	Saint-Germain-Les-Belles
87592295	Gare de La-Porcherie-Gare	La Porcherie
87592311	Gare de Ambazac	Ambazac
87592337	Gare de La Jonchère	La Jonchere-Saint-Maurice
87592345	Gare de St-Sulpice-Laurière	Saint-Sulpice-Lauriere
87592352	Gare de Bersac	Bersac-Sur-Rivalier
87592360	Gare de Fromental	Fromental
87592378	Gare de La Souterraine	La Souterraine
87592410	Gare de Nieul	Nieul
87592428	Gare de Peyrilhac-St-Jouvent	Peyrilhac
87592444	Gare de Nantiat	Nantiat
87592485	Gare de Bellac	Bellac
87592493	Gare de St-Sébastien	Saint-Sebastien
87592501	Gare de La Coquille	La Coquille
87592543	Gare de Le Dorat	Le Dorat
87592634	Gare de L'Aiguille	Bosmie-L'Aiguille
87592667	Gare de Aixe-sur-Vienne	Aixe-Sur-Vienne
87592683	Gare de St-Victurnien	Saint-Victurnien
87592691	Gare de St-Brice-sur-Vienne	Saint-Brice-Sur-Vienne
87592709	Gare de St-Junien	Saint-Junien
87592717	Gare de Saillat-Chassenon	Saillat-Sur-Vienne
87592725	Gare de Nexon	Nexon
87592733	Gare de Lafarge	Saint-Hilaire-Les-Places
87592741	Gare de Bussière-Galant	Bussiere-Galant
87592808	Gare de La Meyze	La Meyze
87592824	Gare de St-Yrieix-la-Perche	Saint-Yrieix-La-Perche
87592840	Coussac-Bonneval	Coussac-Bonneval
87594002	Gare de Brive-la-Gaillarde	Brive-La-Gaillarde
87594085	Gare de Jassonneix	Meymac
87594093	Gare de Ussel	Ussel
87594119	Gare de Corrèze	Saint-Priest-De-Gimel
87594135	Gare de Montaignac-St-Hippolyte	Montaignac-Sur-Doustre
87594168	Gare de Egletons	Egletons
87594200	Gare de Uzerche	Uzerche
87594218	Gare de Vigeois	Vigeois
87594234	Gare de Allassac	Allassac
87594275	Gare de Meymac	Meymac
87594325	Gare de Gignac-Cressensac (Lot)	Gignac
87594333	Gare de Souillac	Souillac
87594382	Gare de Condat-le-Lardin	Le Lardin-Saint-Lazare
87594408	Gare de Terrasson	Terrasson-Lavilledieu
87594416	Gare de La Rivière-de-Mansac	Mansac
87594424	Gare de Larche	Saint-Pantaleon-De-Larche
87594465	Gare de Aubazine-St-Hilaire	Saint-Hilaire-Peyroux
87594481	Gare de Cornil	Cornil
87594499	Gare de Tulle	Tulle
87594556	Gare de Turenne	Turenne
87594564	Gare de Les Quatre-Routes	Le Vignon-En-Quercy
87594572	Gare de St-Denis-près-Martel	Saint-Denis-Les-Martel
87594606	Gare de Varetz	Varetz
87594614	Gare de Le Burg	Varetz
87594622	Gare de St-Aulaire	Saint-Aulaire
87594630	Gare de Objat	Objat
87594655	Vignols-St-Solve	Saint-Solve
87594663	Pompadour	Arnac-Pompadour
87594671	Lubersac	Lubersac
87594739	Gare de Vayrac	Vayrac
87594747	Gare de Bétaille	Betaille
87594754	Gare de Puybrun	Puybrun
87594762	Gare de Bretenoux-Biars	Biars-Sur-Cere
87594796	Gare de Laval-de-Cère	Laval-De-Cere
87594820	Gare de Masseret	Masseret
87595009	Gare de Périgueux	Perigueux
87595124	Gare de Thiviers	Thiviers
87595132	Gare de Négrondes	Negrondes
87595157	Gare de Agonac	Agonac
87595165	Gare de Château-l'Evêque	Chateau-L'Eveque
87595223	Gare de Razac	Razac-Sur-L'Isle
87595249	Gare de St-Astier	Saint-Astier
87595264	Gare de St-Léon-de-L'Isle	Saint-Leon-Sur-L'Isle
87595272	Gare de Neuvic (Dordogne)	Neuvic
87595298	Gare de Mussidan	Saint-Medard-De-Mussidan
87595322	Gare de Montpon-Ménestérol	Montpon-Menesterol
87595512	Gare de Niversac	Boulazac Isle Manoire
87595520	Gare de St-Pierre-de-Chignac	Saint-Pierre-De-Chignac
87595538	Gare de Milhac-d'Auberoche	Bassillac Et Auberoche
87595553	Gare de Limeyrat	Limeyrat
87595579	Gare de Thenon	Thenon
87595595	Gare de La Bachellerie	Saint-Rabier
87595702	Gare de Les Versannes	La Douze
87595728	Gare de Mauzens-Miremont	Mauzens-Et-Miremont
87595736	Gare de Les Eyzies	Les Eyzies
87595744	Gare de Le Bugue	Le Bugue
87595751	Gare de Le Buisson	Le Buisson-De-Cadouin
87595769	Gare de Siorac-en-Périgord	Siorac-En-Perigord
87595777	Gare de St-Cyprien (24)	Saint-Cyprien
87595827	Gare de Sarlat	Sarlat-La-Caneda
87595876	Gare de Belvès	Pays De Belves
87595892	Gare de Villefranche-Périgord	Loubejac
87597005	Gare de Châteauroux	Chateauroux
87597039	Gare de Reuilly (Indre)	Reuilly
87597054	Gare de Ste-Lizaigne	Migny
87597062	Gare de Issoudun	Issoudun
87597070	Gare de Neuvy-Pailloux	Neuvy-Pailloux
87597096	Gare de Luant	Luant
87597104	Gare de Lothiers	Tendu
87597112	Gare de Chabenet	Le Pont-Chretien-Chabenet
87597120	Gare de Argenton-sur-Creuse	Argenton-Sur-Creuse
87597153	Gare de Eguzon	Eguzon-Chantome
87597377	Buzançais	Buzancais
87597401	Clion-sur-Indre	Clion
87597609	Gare de Guéret	Gueret
87597625	Gare de Marsac (Creuse)	Marsac
87597633	Gare de Vieilleville	Mourioux-Vieilleville
87597674	Gare de Montaigut (Creuse)	Montaigut-Le-Blanc
87597708	Gare de Busseau-sur-Creuse	Ahun
87597724	Gare de Parsac-Gouzon	Parsac-Rimondeix
87597740	Gare de Lavaufranche	Lavaufranche
87597781	Gare de Lavaveix-les-Mines	Lavaveix-Les-Mines
87597823	Gare de Aubusson	Aubusson
87597849	Gare de Felletin-Gare	Felletin
87598755	Gare de Limoux-Flassian	Limoux
87611004	Gare de Toulouse-Matabiau	Toulouse
87611038	Gare de Muret	Muret
87611046	Gare de Fauga	Le Fauga
87611053	Gare de Longages-Noé	Longages
87611061	Gare de Carbonne	Carbonne
87611079	Gare de Cazères-sur-Garonne	Cazeres
87611087	Gare de Martres-Tolosane	Martres-Tolosane
87611095	Gare de Boussens	Boussens
87611103	Gare de Saint-Martory	Saint-Martory
87611137	Gare de St-Gaudens	Saint-Gaudens
87611152	Gare de Montréjeau-Gourdan-Pol.	Gourdan-Polignan
87611178	Loures-Barbazan	Loures-Barousse
87611194	Marignac-St-Béat	Marignac
87611236	Luchon	Bagneres-De-Luchon
87611244	Gare de Montauban-Ville-Bourbon	Montauban
87611301	Gare de St-Agne	Toulouse
87611327	Gare de Varilhes	Varilhes
87611343	Gare de Pamiers	Pamiers
87611350	Gare de Vernet-d'Ariège	Le Vernet
87611368	Gare de Saverdun	Saverdun
87611376	Gare de Cintegabelle	Cintegabelle
87611384	Gare de Auterive	Auterive
87611392	Gare de Venerque-le-Vernet	Vernet
87611400	Gare de Portet-St-Simon	Portet-Sur-Garonne
87611434	Gare de Lacourtensourt	Toulouse
87611459	Gare de Lavilledieu	La Ville-Dieu-Du-Temple
87611467	Gare de Colomiers	Colomiers
87611483	Gare de Latour-de-Carol-Enveitg	Enveitg
87611509	Gare de Porte-Puymorens	Porta
87611517	Gare de Andorre-L'Hospitalet	L'Hospitalet-Pres-L'Andorre
87611525	Gare de Mérens-les-Vals	Merens-Les-Vals
87611533	Gare de Ax-les-Thermes	Ax-Les-Thermes
87611558	Gare de Luzenac-Garanou	Garanou
87611574	Gare de Les Cabannes	Les Cabannes
87611590	Gare de Tarascon-sur-Ariège	Tarascon-Sur-Ariege
87611616	Gare de Foix	Foix
87611624	Gare de St-Jean-de-Verges	Crampagna
87611657	Gare de St-Jory	Saint-Jory
87611665	Gare de Castelnau-d'Estrétefond	Castelnau-D'Estretefonds
87611673	Gare de Grisolles	Grisolles
87611681	Gare de Dieupentale	Dieupentale
87611699	Gare de Montbartier	Montbartier
87611707	Gare de Escalquens	Escalquens
87611723	Gare de Baziège	Baziege
87611749	Gare de Auch	Auch
87611764	Gare de Aubiet	Aubiet
87611772	Gare de Gimont-Cahuzac	Gimont
87611806	Gare de L'Isle-Jourdain (Gers)	L'Isle-Jourdain
87611814	Gare de Mérenvielle	Merenvielle
87611822	Gare de Brax-Léguevin	Brax
87611830	Gare de Pibrac	Pibrac
87611848	Gare de Montrabé	Montrabe
87611855	Gare de Lamagistère	Lamagistere
87611863	Gare de Valence-d'Agen	Valence
87611889	Gare de Moissac	Moissac
87611897	Gare de Castelsarrasin	Castelsarrasin
87611921	Gare de Colomiers-Lycée-Interna	Colomiers
87611939	Gare de Lardenne	Toulouse
87612002	Gare de Labège-Innopole	Labege
87612010	Gare de Montaudran	Toulouse
87612028	Gare de Labège-Village	Labege
87613000	Gare de Cahors	Cahors
87613042	Gare de Rocamadour-Padirac	Rocamadour
87613059	Gare de Gramat	Gramat
87613075	Gare de Assier	Assier
87613091	Gare de Figeac	Figeac
87613109	Gare de Capdenac	Capdenac-Gare
87613141	Gare de Gourdon	Gourdon
87613174	Gare de Dégagnac	Degagnac
87613224	Gare de Aubin	Aubin
87613232	Gare de Cransac	Cransac
87613257	Gare de St-Christophe	Saint-Christophe-Vallon
87613323	Gare de Lalbenque-Fontanes	Fontanes
87613356	Gare de Caussade (T.-et-G.)	Caussade
87613398	Gare de Albias	Albias
87613422	Gare de Rodez	Rodez
87613463	Gare de Najac	Najac
87613471	Gare de Laguépie	Laguepie
87613489	Gare de Lexos	Varen
87613604	Gare de Bagnac	Bagnac-Sur-Cele
87613661	Gare de Viviez-Decazeville	Viviez
87613802	Gare de Cordes-Vindrac	Vindrac-Alayrac
87613877	Gare de Salles-Courbatiers	Salles-Courbaties
87613893	Gare de Villefranche-Rouergue	Villefranche-De-Rouergue
87615005	Gare de Albi-Ville	Albi
87615013	Gare de Villefranche-Lauragais	Villefranche-De-Lauragais
87615039	Gare de Castelnaudary	Castelnaudary
87615054	Gare de Bram	Bram
87615112	Gare de Lézignan-Corbières	Lezignan-Corbieres
87615120	Gare de Couffoulens-Leuc	Couffoulens
87615138	Gare de Verzeille	Leuc
87615146	Gare de Pomas	Pomas
87615161	Gare de Limoux	Limoux
87615187	Alet-les-Bains	Alet-Les-Bains
87615195	Gare de Albi-Madeleine.	Albi
87615203	Couiza-Montazels	Montazels
87615211	Esperaza	Esperaza
87615245	Gare de Tessonnières	Gaillac
87615252	Gare de Gaillac	Gaillac
87615260	Quillan	Quillan
87615286	Gare de Carcassonne	Carcassonne
87615310	Gare de Lisle-sur-Tarn	Lisle-Sur-Tarn
87615328	Gare de Rabastens-Couffouleux	Coufouleux
87615344	Gare de St-Sulpice (Tarn)	Saint-Sulpice-La-Pointe
87615351	Gare de Roqueserière-Buzet	Buzet-Sur-Tarn
87615369	Gare de Montastruc-la-Conseil.	Montastruc-La-Conseillere
87615377	Gare de Gragnague	Gragnague
87615419	Gare de Marssac-sur-Tarn	Marssac-Sur-Tarn
87615468	Gare de Castres	Castres
87615476	Gare de Lavaur	Lavaur
87615484	Gare de Damiatte-St-Paul	Damiatte
87615492	Gare de Vielmur-sur-Agout	Vielmur-Sur-Agout
87615526	Gare de Labruguière	Labruguiere
87615542	Gare de Mazamet	Mazamet
87615625	Gare de Carmaux	Carmaux
87615674	Gare de Tanus	Tanus
87615732	Gare de Naucelle	Naucelle
87615757	Gare de Baraqueville-Carce.Pey.	Baraqueville
87615773	Gare de Luc-Primaube	Luc-La-Primaube
87616011	Gare de Avignonet	Avignonet-Lauragais
87618116	Gare de Pins Justaret	Pins-Justaret
87618207	Gare de Montlaur	Montlaur
87618215	Gare de Villenouvelle	Villenouvelle
87618710	Saléchan-Siradan	Salechan
87635581	Gare de La-Barasse	Marseille-La-Barasse
87641001	Gare de Montluçon-Ville	Montlucon
87641043	Gare de Lapeyrouse(Puy-de-Dôme)	Lapeyrouse
87641050	Gare de Louroux-de-Bouble	Louroux-De-Bouble
87641068	Gare de Bellenaves	Bellenaves
87641076	Gare de St-Bonnet-de-Rochefort	Saint-Bonnet-De-Rochefort
87641092	St-Eloy	Saint-Eloy-Les-Mines
87641191	Gare de La Ville-Gozet	Montlucon
87641217	Gare de Huriel	Huriel
87641274	Laqueuille	Saint-Julien-Puy-Laveze
87641357	Gare de Vallon-en-Sully	Vallon-En-Sully
87641365	Gare de Magnette	Audes
87641373	Gare de Les Trillers	Vaux
87641415	Gare de Commentry	Commentry
87641423	Gare de Volvic	Volvic
87641449	Gare de Durtol-Nohanent	Durtol
87641472	Le-Mont-Dore-Gare	Mont-Dore
87645002	Gare de Aurillac	Aurillac
87645101	Gare de Ytrac	Ytrac
87645135	Gare de Laroquebrou	Laroquebrou
87645150	Gare de La Capelle-Viescamp	Lacapelle-Viescamp
87645168	Gare de Maurs	Maurs
87645176	Gare de Pers	Le Rouget-Pers
87645184	Gare de Boisset (Cantal)	Boisset
87645192	Gare de Le Rouget	Le Rouget-Pers
87645440	Gare de Vic-sur-Cère	Vic-Sur-Cere
87645473	Gare de Le Lioran	Laveissiere
87645481	Gare de Murat (Cantal)	Murat
87645507	Gare de Neussargues	Neussargues En Pinatelle
87671008	Gare de Tarbes	Tarbes
87671016	Gare de Mont-de-Marsan	Mont-De-Marsan
87671123	Gare de Lannemezan	Lannemezan
87671156	Gare de Capvern	Capvern
87671172	Gare de Tournay (Htes-Pyrénées)	Tournay
87671313	Gare de Ossun	Ossun
87671339	Gare de Lourdes	Lourdes
87671362	Gare de St-Pé (Htes-Pyrénées)	Saint-Pe-De-Bigorre
87671479	Gare de Arengosse	Arengosse
87671487	Gare de Ygos	Ygos-Saint-Saturnin
87671495	Gare de St-Martin-d'Oney	Saint-Martin-D'Oney
87672006	Gare de Pau	Pau
87672113	Gare de Montaut-Bétharram	Montaut
87672139	Gare de Coarraze-Nay	Coarraze
87672162	Gare de Assat	Assat
87672212	Gare de Artix	Artix
87672253	Gare de Orthez	Orthez
87672279	Gare de Puyoô	Puyoo
87672337	Gare de Peyrehorade	Peyrehorade
87672386	Gare de Urt	Urt
87672600	Gare de Croix-du-Prince	Pau
87672618	Gare de Gan	Gan
87672634	Gare de Buzy-en-Béarn	Buzy
87672709	Gare de Ogeu-les-Bains	Ogeu-Les-Bains
87672725	Gare de Oloron-Ste-Marie	Oloron-Sainte-Marie
87672741	Gare de Lurbe-St-Christau	Lurbe-Saint-Christau
87672766	Gare de Sarrance	Sarrance
87672774	Gare de Bedous	Bedous
87673004	Gare de Bayonne	Bayonne
87673095	Gare de Boucau	Boucau
87673103	Gare de Morcenx	Morcenx-La-Nouvelle
87673202	Gare de Dax	Dax
87673251	Gare de Saubusse-les-Bains	Saubusse
87673269	Gare de St-Geours-de-Maremne	Saint-Geours-De-Maremne
87673277	Gare de St-Vincent-de-Tyrosse	Saint-Vincent-De-Tyrosse
87673285	Gare de Bénesse-Maremne	Benesse-Maremne
87673293	Gare de Labenne	Labenne
87673319	Gare de Ondres	Ondres
87673400	Gare de Biarritz	Biarritz
87673459	Gare de Guéthary	Guethary
87673616	Gare de Villefranque (Pyr.-Atl)	Villefranque
87673624	Gare de Ustaritz	Ustaritz
87673640	Gare de Halsou-Larressore	Halsou
87673657	Gare de Cambo-les-Bains	Cambo-Les-Bains
87673699	Gare de Bidarray-Pont-Noblia	Bidarray
87673707	Gare de Ossès-St-Mart-d'Arrossa	Saint-Martin-D'Arrossa
87673723	Gare de St-Jean-Pied-de-Port	Saint-Jean-Pied-De-Port
87677005	Gare de Hendaye	Hendaye
87677104	Gare de Les Deux-Jumeaux (64)	Hendaye
87677120	Gare de St-Jean-de-Luz-Ciboure	Saint-Jean-De-Luz
87682005	Gare de Melun	Melun
87682203	Gare de Bois-le-Roi	Bois-Le-Roi
87682211	Gare de Fontainebleau-Avon	Avon
87682278	Gare de Moret-Veneux-les-Sabl.	Moret-Loing-Et-Orvanne
87682294	Gare de St-Mammès	Saint-Mammes
87682302	Gare de Montereau	Varennes-Sur-Seine
87682450	Gare de Champagne-sur-Seine	Champagne-Sur-Seine
87683003	Gare de Sens	Sens
87683102	Gare de Villeneuve-la-Guyard	Villeneuve-La-Guyard
87683128	Gare de Champigny-sur-Yonne	Champigny
87683136	Gare de Pont-sur-Yonne	Pont-Sur-Yonne
87683201	Gare de Etigny-Véron	Etigny
87683219	Gare de Villeneuve-sur-Yonne	Villeneuve-Sur-Yonne
87683227	Gare de St-Julien-du-Sault	Saint-Julien-Du-Sault
87683243	Gare de Joigny	Joigny
87683268	Gare de Laroche-Migennes	Migennes
87683318	Gare de St-Florentin-Vergigny	Vergigny
87683532	Gare de Chemilly-Appoigny	Chemilly-Sur-Yonne
87683557	Gare de Monéteau-Gurgy	Moneteau
87683573	Gare de Auxerre-St-Gervais	Auxerre
87683615	Gare de Champs-St-Bris	Champs-Sur-Yonne
87683649	Gare de Cravant-Bazarnes	Bazarnes
87683664	Gare de Vermenton	Vermenton
87683722	Gare de Sermizelles-Vézelay	Givry
87683789	Gare de Avallon	Avallon
87683847	Gare de Mailly-la-Ville	Mailly-La-Ville
87684001	Gare de Montargis	Chalette-Sur-Loing
87684126	Gare de Nemours-St-Pierre	Saint-Pierre-Les-Nemours
87684274	Gare de Nogent-sur-Vernisson	Nogent-Sur-Vernisson
87684290	Gare de Gien	Gien
87686006	Gare de Paris-Gare-de-Lyon	Paris-Gare-de-Lyon
87686667	Gare de Paris-Bercy	Paris-Bercy
87691394	Gare de La Marche	La Marche
87691436	Gare de Garchizy	Garchizy
87691469	Gare de Vauzelles	Varennes-Vauzelles
87691600	Gare de Les Perrières	Varennes-Vauzelles
87694000	Gare de Le Creusot	Le Creusot
87694141	Gare de Etang	Etang-Sur-Arroux
87694158	Gare de Mesvres	Mesvres
87694166	Gare de Broye	Saint-Symphorien-De-Marmagne
87694174	Gare de St-Symphorien-de-Marma.	Saint-Symphorien-De-Marmagne
87694182	Gare de Marmagne-Gare	Marmagne
87694307	Gare de Montchanin	Montchanin
87694364	Gare de St-Léger-sur-Dheune	Saint-Leger-Sur-Dheune
87694398	Gare de Cheilly-les-Maranges	Cheilly-Les-Maranges
87694570	Gare de Autun	Autun
87694596	Gare de Brion-Laizy	Laizy
87694604	Gare de	Blanzy
87694612	Gare de Blanzy	Blanzy
87694620	Gare de Montceau-les-Mines	Montceau-Les-Mines
87694638	Gare de Galuzot	Saint-Vallier
87694646	Gare de Ciry-le-Noble	Ciry-Le-Noble
87694653	Gare de Génelard	Genelard
87694687	Gare de Paray-le-Monial	Paray-Le-Monial
87694695	Gare de Digoin	Digoin
87694737	Gare de La Clayette-Baudemont	Baudemont
87694778	Gare de Chauffailles	Chauffailles
87694851	Gare de St-Agnan	Saint-Agnan
87694869	Gare de Gilly-sur-Loire	Gilly-Sur-Loire
87696005	Gare de Nevers	Nevers
87696088	Gare de Briare	Briare
87696146	Gare de Cosne-sur-Loire	Cosne-Cours-Sur-Loire
87696161	Gare de Tracy-Sancerre	Tracy-Sur-Loire
87696179	Gare de Pouilly-sur-Loire	Pouilly-Sur-Loire
87696187	Gare de Mesves-Bulcy	Mesves-Sur-Loire
87696195	Gare de La-Charité-sur-Loire	La Charite-Sur-Loire
87696203	Gare de Tronsanges	Tronsanges
87696211	Gare de Pougues-les-Eaux	Pougues-Les-Eaux
87696229	Gare de Fourchambault	Fourchambault
87696260	Gare de Saincaize	Saincaize-Meauce
87696294	Gare de St-Pierre-le-Moûtier	Saint-Pierre-Le-Moutier
87696302	Gare de Chantenay-St-Imbert	Chantenay-Saint-Imbert
87696310	Gare de Villeneuve-sur-Allier	Villeneuve-Sur-Allier
87696328	Gare de Moulins-sur-Allier	Yzeure
87696336	Gare de Bessay	Bessay-Sur-Allier
87696351	Gare de Varennes-sur-Allier	Varennes-Sur-Allier
87696427	Gare de Dompierre-Sept-Fons	Dompierre-Sur-Besbre
87696450	Gare de Imphy	Imphy
87696468	Gare de Béard	Beard
87696484	Gare de Decize	Decize
87696492	Gare de Cercy-la-Tour	Cercy-La-Tour
87696534	Gare de Luzy(Nièvre)	Luzy
87696617	Gare de Corbigny	Corbigny
87696633	Gare de Flez-Cuzy-Tannay	Tannay
87696807	Gare de Clamecy	Clamecy
87696831	Gare de Coulanges-Sur-Yonne	Crain
87696856	Gare de Châtel-Censoir	Chatel-Censoir
87699223	Gare de Base-Aérienne	Gievres
87700153	Gare de Joncherey	Joncherey
87703975	Gare de Nîmes Pont-du-Gard	Manduel
87710731	Gare de Ecole-Valentin	Ecole-Valentin
87712026	Gare de Rully	Rully
87712182	Gare de Neuilly-lès-Dijon	Neuilly-Crimolois
87712265	Gare de Brétigny-Norges	Bretigny
87712323	Gare de Lantenay	Lantenay
87712331	Gare de Velars	Velars-Sur-Ouche
87712604	Gare de Ouges	Ouges
87712620	Gare de Longecourt-en-Plaine	Longecourt-En-Plaine
87712679	Gare de Chaugey	Losne
87713008	Gare de Dijon-Porte-Neuve	Dijon
87713040	Gare de Dijon-Ville	Dijon
87713065	Gare de Malain	Malain
87713073	Gare de Blaisy-Bas	Blaisy-Bas
87713081	Gare de Verrey	Verrey-Sous-Salmaise
87713099	Gare de Thenissey	Thenissey
87713115	Gare de Les Laumes-Alésia	Venarey-Les-Laumes
87713131	Gare de Montbard	Montbard
87713156	Gare de Nuits-sous-Ravières	Nuits
87713198	Gare de Tonnerre	Tonnerre
87713313	Gare de Genlis	Genlis
87713321	Gare de Collonges (Côte-d'Or)	Collonges-Et-Premieres
87713339	Gare de Villers-les-Pots	Villers-Les-Pots
87713347	Gare de Auxonne	Tillenay
87713412	Gare de Dole-Ville	Dole
87713503	Gare de Gevrey-Chambertin	Gevrey-Chambertin
87713511	Gare de Vougeot-Gilly-Les-Cît.	Gilly-Les-Citeaux
87713529	Gare de Nuits-St-Georges	Nuits-Saint-Georges
87713537	Gare de Corgoloin	Corgoloin
87713545	Gare de Beaune	Beaune
87713560	Gare de Meursault	Meursault
87713578	Gare de Chagny	Chagny
87713586	Gare de Fontaines-Mercurey	Fontaines
87713594	Gare de Santenay-les-Bains	Santenay
87713628	Gare de Saulon	Saulon-La-Chapelle
87713636	Gare de Aiserey	Aiserey
87713644	Gare de Brazey-en-Plaine	Brazey-En-Plaine
87713651	Gare de St-Jean-de-Losne	Saint-Usage
87713677	Gare de Seurre	Seurre
87713701	Gare de Mervans	Mervans
87713735	Gare de Louhans	Louhans
87713826	Gare de Ruffey	Ruffey-Les-Echirey
87713834	Gare de St-Julien-Clenay	Saint-Julien
87713842	Gare de Gemeaux	Gemeaux
87713859	Gare de Is-sur-Tille	Marcilly-Sur-Tille
87715003	Gare de Pontarlier	Pontarlier
87715102	Gare de Andelot	Andelot-En-Montagne
87715136	Gare de Frasne	Frasne
87715144	Gare de La Rivière	La Riviere-Drugeon
87715151	Gare de Ste-Colombe	Sainte-Colombe
87715219	Gare de Labergement-Ste-Marie	Labergement-Sainte-Marie
87715227	Les Longevilles-Rochej.	Longevilles-Mont-D'Or
87715326	Gare de Champagnole	Champagnole
87715383	Gare de La Chaux-des-Crotenay	Chaux-Des-Crotenay
87715391	Gare de La Chaumusse-Fort-du-Pl	La Chaumusse
87715417	Gare de St-Laurent-en-Grandvaux	Saint-Laurent-En-Grandvaux
87715433	Gare de Morbier	Morbier
87715441	Gare de Morez	Hauts De Bienne
87718007	Gare de Besançon-Viotte	Besancon
87718015	Gare de Besançon-Mouillère	Besancon
87718106	Gare de Montferrand-Thoraise	Montferrand-Le-Chateau
87718114	Gare de Torpes-Boussières	Torpes
87718122	Gare de Byans	Byans-Sur-Doubs
87718130	Gare de Liesle	Liesle
87718155	Gare de Arbois (Jura)	Arbois
87718189	Gare de Poligny	Poligny
87718197	Gare de St-Lothain	Saint-Lothain
87718213	Gare de Domblans-Voiteur	Domblans
87718239	Gare de Lons-le-Saunier	Lons-Le-Saunier
87718270	Gare de Cousance	Cousance
87718296	Gare de St-Amour	Saint-Amour
87718304	Gare de Franois	Franois
87718312	Gare de Dannemarie-Velesmes	Dannemarie-Sur-Crete
87718320	Gare de St-Vit	Saint-Vit
87718338	Gare de Ranchot	Ranchot
87718361	Gare de Orchamps	Orchamps
87718403	Gare de Roche-lez-Beaupré	Roche-Lez-Beaupre
87718411	Gare de Novillars	Novillars
87718429	Gare de Deluz	Deluz
87718437	Gare de Laissey	Laissey
87718460	Gare de Baume-les-Dames	Baume-Les-Dames
87718502	Gare de Saône	Saone
87718510	Gare de Mamirolle	Mamirolle
87718528	Gare de L'Hôpital-du-Gros-Bois	L'Hopital-Du-Grosbois
87718536	Gare de Etalans	Etalans
87718544	Gare de Le Valdahon	Valdahon
87718551	Gare de Avoudrey	Avoudrey
87718577	Gare de Gilley	Gilley
87718601	Gare de Valdahon-Camp-Militaire	Valdahon
87718619	Gare de Morteau	Morteau
87718833	Gare de Mouchard	Mouchard
87718841	Gare de Arc-et-Senans	Arc-Et-Senans
87718866	Gare de Montbarrey	Montbarrey
87721001	Gare de Lyon-Vaise	Lyon-Vaise
87721035	Gare de Amplepuis	Amplepuis
87721043	Gare de St-Victor-Thizy	Saint-Victor-Sur-Rhins
87721050	Gare de Régny	Regny
87721159	Gare de Lyon-St-Paul	Lyon
87721175	Gare de Lyon-Gorge-de-Loup	Lyon
87721225	Gare de Collonges-Fontaines	Collonges-Au-Mont-D'Or
87721241	Gare de Couzon-au-Mont-d'Or	Couzon-Au-Mont-D'Or
87721266	Gare de Albigny-Neuville	Albigny-Sur-Saone
87721282	Gare de St-Germain-au-Mont-d'Or	Saint-Germain-Au-Mont-D'Or
87721290	Gare de Quincieux	Quincieux
87721324	Gare de Anse	Anse
87721332	Gare de Villefranche-sur-Saône	Villefranche-Sur-Saone
87721340	Gare de St-Georges-de-Reneins	Saint-Georges-De-Reneins
87721357	Gare de Belleville-sur-Saône	Belleville-En-Beaujolais
87721415	Gare de Chazay-Marcilly	Marcilly-D'Azergues
87721423	Gare de Lozanne	Lozanne
87721431	Gare de L'Arbresle	Eveux
87721449	Gare de Dardilly-Le-Jubin	Dardilly
87721456	Gare de St-Romain-de-Popey	Saint-Romain-De-Popey
87721464	Gare de Pontcharra-St-Forgeux	Vindry-Sur-Turdine
87721472	Gare de Tarare	Tarare
87721480	Gare de Dardilly-Les-Mouilles	Ecully
87721506	Gare de Ecully-la-Demi-Lune	Tassin-La-Demi-Lune
87721514	Gare de Tassin	Tassin-La-Demi-Lune
87721522	Gare de Le Méridien	Charbonnieres-Les-Bains
87721530	Gare de Charbonnières-les-Bains	Charbonnieres-Les-Bains
87721548	Gare de La Tour-de-Salvagny	La Tour-De-Salvagny
87721555	Gare de Lentilly	Lentilly
87721563	Gare de Fleurieux-sur-Arbresle	Fleurieux-Sur-L'Arbresle
87721605	Gare de Sain-Bel	Sain-Bel
87721704	Gare de Les Flachères	Charbonnieres-Les-Bains
87721738	Gare de Dommartin-Lissieu	Dommartin
87721746	Gare de Civrieux-d'Azergues	Civrieux-D'Azergues
87721753	Gare de Chatillon-d'Azergues	Chatillon
87721761	Gare de Chessy (Rhône)	Chessy
87721787	Gare de Bois-d'Oingt-Légny	Legny
87721829	Gare de Chamelet	Chamelet
87721860	Gare de Lamure-sur-Azergues	Lamure-Sur-Azergues
87722025	Gare de Lyon-Perrache	Lyon
87722207	Gare de Oullins	Oullins
87722231	Gare de Pierre-Bénite	Pierre-Benite
87722249	Gare de Irigny - Yvours	Irigny
87722264	Gare de Vernaison	Vernaison
87722298	Gare de Grigny-Le Sablon	Grigny
87722405	Gare de Givors-Ville	Givors
87722439	Gare de Givors-Canal	Givors
87722538	Gare de Feyzin	Feyzin
87722546	Gare de Sérézin	Serezin-Du-Rhone
87722561	Gare de Chasse-sur-Rhône	Chasse-Sur-Rhone
87722579	Gare de Estressin	Vienne
87722587	Gare de Vienne	Vienne
87722652	Gare de St-Clair-les-Roches	Saint-Clair-Du-Rhone
87722678	Gare de Le Péage-de-Roussillon	Le Peage-De-Roussillon
87722702	Gare de Francheville	Francheville
87722710	Gare de Chaponost	Chaponost
87722728	Gare de Brignais	Brignais
87722744	Gare de Alai	Tassin-La-Demi-Lune
87723197	Gare de Lyon-Part-Dieu	Lyon
87723320	Gare de Vénissieux	Venissieux
87723353	Gare de St-Priest	Saint-Priest
87723387	Gare de St-Quentin-Fallavier	Saint-Quentin-Fallavier
87723395	Gare de La Verpillière	La Verpilliere
87723429	Gare de Bourgoin-Jallieu	Bourgoin-Jallieu
87723452	Gare de Cessieu	Cessieu
87723478	Gare de La Tour-du-Pin	La Tour-Du-Pin
87723494	Gare de St-André-le-Gaz	Saint-Andre-Le-Gaz
87723502	Gare de Crépieux-la-Pape	Rillieux-La-Pape
87723528	Gare de Miribel	Miribel
87723536	Gare de St-Maurice-de-Beynost	Saint-Maurice-De-Beynost
87723544	Gare de Beynost	Beynost
87723569	Gare de Montluel	Montluel
87723577	Gare de La Valbonne	Beligneux
87723585	Gare de Meximieux-Pérouges	Meximieux
87723700	Gare de Sathonay-Rillieux	Rillieux-La-Pape
87723718	Gare de Les Echets	Miribel
87723726	Gare de Mionnay	Mionnay
87723734	Gare de St-André-de-Corcy	Saint-Andre-De-Corcy
87723742	Gare de St-Marcel-en-Dombes	Saint-Marcel
87723759	Gare de Villars-les-Dombes	Villars-Les-Dombes
87723767	Gare de Marlieux-Chatillon	Marlieux
87723783	Gare de St-Paul-de-Varax	Saint-Paul-De-Varax
87723791	Gare de Servas-Lent	Servas
87725002	Gare de Chalon-sur-Saône	Chalon-Sur-Saone
87725614	Gare de Sennecey-le-Grand	Sennecey-Le-Grand
87725622	Gare de Tournus	Tournus
87725663	Gare de Fleurville-Pont-de-Vaux	Fleurville
87725671	Gare de Senozan	Senozan
87725689	Gare de Mâcon-Ville	Macon
87725705	Gare de Mâcon-Loché-TGV	Macon
87725713	Gare de CRÊCHE SUR SAÔNE - Mair	Creches-Sur-Saone
87725721	Gare de Pontanevaux	La Chapelle-De-Guinchay
87725739	Gare de Romanèche-Thorins	Romaneche-Thorins
87725804	Gare de Pont-de-Veyle	Crottet
87725820	Gare de Vonnas	Vonnas
87725838	Gare de Mézériat	Mezeriat
87725846	Gare de Polliat	Polliat
87725895	Gare de Echirolles	Echirolles
87726000	Gare de St-Etienne-Châteaucreux	Saint-Etienne
87726158	Gare de St-Etienne-la-Terrasse	Saint-Etienne
87726174	Gare de St-Etienne-le-Clapier	Saint-Etienne
87726190	Gare de St-Etienne-Bellevue	Saint-Etienne
87726208	Gare de Veauche St Galmier	Veauche
87726216	Gare de Bouthéon	Andrezieux-Boutheon
87726232	Gare de La Fouillouse	La Fouillouse
87726307	Gare de St-Chamond	Saint-Chamond
87726331	Gare de Rive-de-Gier	Rive-De-Gier
87726406	Gare de Andrézieux	Andrezieux-Boutheon
87726414	Gare de Bonson	Bonson
87726422	Gare de Sury-le-Comtal	Sury-Le-Comtal
87726430	Gare de St-Romain-le-Puy	Saint-Romain-Le-Puy
87726448	Gare de Montbrison	Montbrison
87726471	Gare de Boën	Boen-Sur-Lignon
87726703	Gare de La Ricamarie	La Ricamarie
87726711	Gare de Le Chambon-Feugerolles	Le Chambon-Feugerolles
87726729	Gare de Firminy	Firminy
87726737	Gare de Fraisse-Unieux	Fraisses
87726760	Gare de Aurec	Aurec-Sur-Loire
87726778	Gare de Bas-Monistrol	Bas-En-Basset
87726786	Gare de Pont-de-Lignon	Beauzac
87726802	Gare de Roanne	Roanne
87726828	Gare de Le Coteau	Le Coteau
87726851	Gare de St-Jodard	Saint-Jodard
87726869	Gare de Balbigny	Balbigny
87726877	Gare de Feurs	Feurs
87726885	Gare de Montrond-les-Bains	Montrond-Les-Bains
87726901	Gare de St-Etienne-Carnot	Saint-Etienne
87728501	Gare de St Fons	Saint-Fons
87731828	Gare de Lachaud-Curmilhac	Vissac-Auteyrac
87731885	Gare de Alleyras	Alleyras
87732008	Gare de Vichy	Vichy
87732206	Gare de St-Germain-des-Fossés	Saint-Germain-Des-Fosses
87732404	Gare de Gannat	Gannat
87734004	Gare de Clermont-Ferrand	Clermont-Ferrand
87734038	Gare de Royat-Chamalières	Chamalieres
87734046	Gare de Gerzat	Gerzat
87734053	Gare de Riom-Châtel-Guyon	Riom
87734087	Gare de Pont-du-Château	Pont-Du-Chateau
87734103	Gare de Pontmort	Chambaron Sur Morge
87734111	Gare de Aubiat	Aubiat
87734129	Gare de Aigueperse	Aigueperse
87734152	Gare de Sarliève-Cournon	Cournon-D'Auvergne
87734160	Gare de Le Cendre-Orcet	Le Cendre
87734178	Gare de Les Martres-de-Veyre	Les Martres-De-Veyre
87734186	Gare de Vic-le-Comte	Vic-Le-Comte
87734194	Gare de Parent-Coudes-Champeix	Parent
87734202	Gare de Issoire	Issoire
87734228	Gare de Le Breuil-sur-Couze	Le Breuil-Sur-Couze
87734244	Gare de Brassac-les-Mines	Brassac-Les-Mines
87734251	Gare de Arvant	Bournoncle-Saint-Pierre
87734269	Gare de Brioude	Brioude
87734293	Gare de Paulhaguet	Salzuit
87734301	Gare de St-Georges-d'Aurac	Mazeyrat-D'Allier
87734319	Gare de Langeac	Langeac
87734335	Gare de Monistrol-d'Allier	Monistrol-D'Allier
87734343	Gare de Chapeauroux	Saint Bonnet-Laval
87734350	Gare de Langogne	Langogne
87734368	Gare de Luc (Lozère)	Luc
87734426	Gare de Vertaizon	Vertaizon
87734442	Gare de Lezoux	Lezoux
87734459	Gare de Pont-de-Dore	Peschadoires
87734475	Gare de Thiers	Thiers
87734509	Noirétable	Noiretable
87734673	Gare de Darsac	Vernassal
87734699	Gare de Le Puy-en-Velay	Le Puy-En-Velay
87734707	Gare de Lavoûte-sur-Loire	Lavoute-Sur-Loire
87734715	Gare de St-Vincent-le-Château	Saint-Vincent
87734723	Gare de Vorey	Vorey
87734731	Gare de Chamalières	Chamalieres-Sur-Loire
87734749	Gare de Retournac	Retournac
87734871	Gare de Massiac-Blesle	Massiac
87741009	Gare de Chambéry-Chal.-les-Eaux	Chambery
87741074	Gare de Culoz	Culoz
87741108	Gare de Vions-Chanaz	Vions
87741116	Gare de Chindrieux	Chindrieux
87741132	Gare de Aix-les-Bains-le-Revard	Aix-Les-Bains
87741140	Gare de Viviers-du-Lac	Viviers-Du-Lac
87741181	Gare de Montmélian	Montmelian
87741223	Gare de St-Pierre-d'Albigny	Saint-Pierre-D'Albigny
87741231	Gare de Chamousset	Chamousset
87741256	Gare de Aiguebelle	Val-D'Arc
87741280	Gare de Epierre-St-Léger	Epierre
87741306	Gare de St-Avre-la-Chambre	Saint-Avre
87741421	Gare de Aiguebelette-le-Lac	Aiguebelette-Le-Lac
87741439	Gare de Lépin-le-Lac-la-Bauche	Lepin-Le-Lac
87741454	Gare de St-Béron-la-Bridoire	Saint-Beron
87741470	Gare de Pont-de-Beauvoisin	Le Pont-De-Beauvoisin
87741496	Gare de Les Abrets-Fitilieu	Les Abrets En Dauphine
87741504	Gare de Virieu-le-Grand-Belley	Virieu-Le-Grand
87741611	Gare de Grésy-sur-Isère	Gresy-Sur-Isere
87741629	Gare de Frontenex	Frontenex
87741645	Gare de Albertville	Albertville
87741678	La Bathie	La Bathie
87741694	Gare de Notre-Dame-de-Briançon	La Lechere
87741728	Gare de Moûtiers-Salins-Brides	Moutiers
87741769	Gare de Aime-la-Plagne	Aime-La-Plagne
87741777	Gare de Landry	Landry
87741793	Gare de Bourg-St-Maurice	Bourg-Saint-Maurice
87742007	Gare de Modane	Modane
87742320	Gare de St-Jean-de-Maurienne-A.	Saint-Jean-De-Maurienne
87742361	Gare de St-Michel-Valloire	Saint-Michel-De-Maurienne
87743005	Gare de Bourg-en-Bresse	Bourg-En-Bresse
87743112	Gare de St-Martin-du-Mont	Saint-Martin-Du-Mont
87743120	Gare de Pont-d'Ain	Pont-D'Ain
87743146	Gare de Ambronay-Priay	Ambronay
87743302	Gare de Ceyzériat	Ceyzeriat
87743328	Gare de Villereversure	Villereversure
87743336	Gare de Simandre-sur-Suran	Simandre-Sur-Suran
87743344	Gare de Cize-Bolozon	Bolozon
87743351	Gare de Nurieux Gare	Nurieux-Volognat
87743526	Gare de Bellignat	Bellignat
87743534	Gare de Oyonnax	Oyonnax
87743591	Molinges	Chassal-Molinges
87743633	Gare de Saint-Claude	Saint-Claude
87743716	Gare de Ambérieu-en-Bugey	Amberieu-En-Bugey
87743740	Gare de St-Rambert-en-Bugey	Saint-Rambert-En-Bugey
87743757	Gare de Tenay-Hauteville	Tenay
87745000	Gare de Bellegarde-s-V. Gare	Valserhone
87745380	Gare de Pougny-Chancy	Pougny
87745414	Gare de Valleiry	Valleiry
87745430	Gare de St-Julien-en-Genevois	Saint-Julien-En-Genevois
87745497	Gare de Annemasse	Annemasse
87745588	Gare de Machilly	Machilly
87745596	Gare de Bons-en-Chablais	Bons-En-Chablais
87745620	Gare de Perrignier	Perrignier
87745646	Gare de Thonon-les-Bains	Thonon-Les-Bains
87745679	Gare de Evian-les-Bains	Evian-Les-Bains
87745828	Gare de Seyssel-Corbonod	Corbonod
87746008	Gare de Annecy	Annecy
87746107	Gare de Grésy-sur-Aix	Gresy-Sur-Aix
87746115	Gare de Albens	Entrelacs
87746149	Gare de Rumilly	Rumilly
87746206	Gare de Pringy	Annecy
87746248	Gare de Groisy-Thorens-la-Caill	Groisy
87746305	Gare de La Roche-sur-Foron	La Roche-Sur-Foron
87746313	Gare de St-Pierre-en-Faucigny	Saint-Pierre-En-Faucigny
87746339	Gare de Bonneville	Bonneville
87746347	Gare de Marignier	Marignier
87746370	Gare de Cluses (Hte-Savoie)	Cluses
87746412	Gare de Magland	Magland
87746438	Gare de Sallanches-Comb.Megève	Sallanches
87746479	Gare de St-Gervais-L-B-Le-Fayet	Saint-Gervais-Les-Bains
87746511	Gare de Reignier	Reignier-Esery
87746701	Gare de Chedde	Passy
87746719	Gare de Servoz	Les Houches
87746727	Gare de Vaudagne	Les Houches
87746735	Gare de Viaduc-Ste-Marie	Les Houches
87746743	Gare de Les Houches	Les Houches
87746750	Gare de Taconnaz	Les Houches
87746768	Gare de Les Bossons	Chamonix-Mont-Blanc
87746776	Gare de Les Pèlerins	Chamonix-Mont-Blanc
87746784	Gare de Chamonix-Mont-Blanc	Chamonix-Mont-Blanc
87746818	Gare de Les Moussoux	Chamonix-Mont-Blanc
87746826	Gare de Les Praz-de-Chamonix	Chamonix-Mont-Blanc
87746834	Gare de Les Tines	Chamonix-Mont-Blanc
87746842	Gare de Lajoux	Chamonix-Mont-Blanc
87746859	Gare de Argentière (Hte-Savoie)	Chamonix-Mont-Blanc
87746867	Gare de Montroc-le-Planet	Chamonix-Mont-Blanc
87746875	Gare de Vallorcine	Vallorcine
87746883	Gare de Le Buet	Vallorcine
87747006	Gare de Grenoble	Grenoble
87747204	Gare de Virieu-sur-Bourbre	Val-De-Virieu
87747212	Gare de Chabons	Chabons
87747220	Gare de Le Grand-Lemps	Le Grand-Lemps
87747246	Gare de Rives	Rives
87747279	Gare de Réaumont-St-Cassien	Reaumont
87747287	Gare de Voiron	Voiron
87747329	Gare de Moirans	Moirans
87747337	Gare de Voreppe	Voreppe
87747352	Gare de St-Egrève-St-Robert	Saint-Egreve
87747402	Gare de Grenoble U.-Gières	Gieres
87747451	Gare de Brignoud	Villard-Bonnot
87747477	Gare de Goncelin	Goncelin
87747493	Gare de Pontcharra-sur-Bréda	Pontcharra
87747519	Gare de Pont-de-Claix	Le Pont-De-Claix
87747535	Gare de Jarrie-Vizille	Jarrie
87747568	Gare de St-Georges-de-Commiers	Saint-Georges-De-Commiers
87747576	Gare de Vif	Vif
87747592	Gare de Monestier-de-Clermont	Monestier-De-Clermont
87747626	Gare de Clelles-Mens	Clelles
87747667	Gare de Lus-la-Croix-Haute	Lus-La-Croix-Haute
87747691	Gare de Moirans-Galifette	Moirans
87751008	Gare de Marseille-St-Charles	Marseille
87751081	Gare de Marseille-Blancarde	Marseille
87751206	Gare de Sisteron	Sisteron
87751230	Gare de Château-Arnoux-St-Auban	Chateau-Arnoux-Saint-Auban
87751271	Gare de La Brillanne-Oraison	La Brillanne
87751321	Gare de Manosque-Gréoux	Manosque
87751370	Gare de Meyrargues	Meyrargues
87751404	Gare de Aix-en-Provence	Aix-En-Provence
87751420	Gare de Gardanne	Gardanne
87751438	Gare de Simiane	Simiane-Collongue
87751529	Gare de L'Ariane-la-Trinité	La Trinite
87751602	Gare de L'Estaque	Marseille
87751701	Gare de St-Marcel	Marseille
87751719	Gare de La Pomme	Marseille
87751743	Gare de La Penne-sur-Huveaune	La Penne-Sur-Huveaune
87751750	Gare de Aubagne	Aubagne
87751776	Gare de Cassis	Cassis
87751784	Gare de La Ciotat	La Ciotat
87751800	Gare de Septèmes	Septemes-Les-Vallons
87751826	Gare de Saint-Antoine	Marseille
87751842	Gare de Ste-Marthe-en-Provence	Marseille
87753004	Gare de Miramas	Miramas
87753202	Gare de St-Chamas	Saint-Chamas
87753251	Gare de Rognac	Rognac
87753285	Gare de Pas-des-Lanciers	Marignane
87753418	Gare de Istres	Istres
87753426	Gare de Rassuen	Istres
87753442	Gare de Fos-sur-Mer	Port-De-Bouc
87753459	Gare de Port-de-Bouc	Port-De-Bouc
87753491	Gare de Croix-Sainte	Martigues
87753509	Gare de Martigues	Martigues
87753541	Gare de La Couronne	Martigues
87753558	Gare de Sausset-les-Pins	Sausset-Les-Pins
87753566	Gare de Carry-le-Rouet	Carry-Le-Rouet
87753574	Gare de La Redonne-Ensuès	Ensues-La-Redonne
87753582	Gare de Niolon	Le Rove
87753657	Gare de Arles	Arles
87753681	Gare de St-Martin-de-Crau	Saint-Martin-De-Crau
87753707	Gare de Orgon	Orgon
87753715	Gare de Sénas	Senas
87753731	Gare de Lamanon	Lamanon
87753764	Gare de Salon	Salon-De-Provence
87755009	Gare de Toulon	Toulon
87755215	Gare de St-Cyr-les-Lecq.la-Cad.	Saint-Cyr-Sur-Mer
87755223	Gare de Bandol	Bandol
87755231	Gare de Ollioules-Sanary-S-Mer	Ollioules
87755264	Gare de La Seyne-Six-Fours	La Seyne-Sur-Mer
87755306	Gare de La Garde	La Garde
87755314	Gare de La Pauline-Hyères	La Garde
87755330	Gare de Solliès-Pont	Sollies-Pont
87755355	Gare de Cuers-Pierrefeu	Cuers
87755363	Gare de Puget-Ville	Puget-Ville
87755371	Gare de Carnoules	Carnoules
87755389	Gare de Pignans	Pignans
87755397	Gare de Gonfaron	Gonfaron
87755405	Gare de Le Luc-et-le-Cannet	Le Cannet-Des-Maures
87755421	Gare de Vidauban	Vidauban
87755447	Gare de Les Arcs-Draguignan	Les Arcs
87755611	Gare de La Crau	La Crau
87755629	Gare de Hyères	Hyeres
87756056	Gare de Nice-Ville	Nice
87756254	Gare de Nice-St-Augustin	Nice
87756304	Gare de Villeneuve-Loubet-Plage	Villeneuve-Loubet
87756320	Gare de Cagnes-sur-Mer	Cagnes-Sur-Mer
87756338	Gare de Cros-de-Cagnes	Cagnes-Sur-Mer
87756346	Gare de St-Laurent-du-Var	Saint-Laurent-Du-Var
87756353	Gare de Nice-Riquier	Nice
87756361	Gare de Villefranche-sur-Mer	Villefranche-Sur-Mer
87756379	Gare de Beaulieu-sur-Mer	Beaulieu-Sur-Mer
87756387	Gare de Eze	Eze
87756395	Gare de Cap-d'Ail	Cap-D'Ail
87756460	Gare de Cap-Martin-Roquebrune	Roquebrune-Cap-Martin
87756478	Gare de Carnolès	Roquebrune-Cap-Martin
87756486	Gare de Menton	Menton
87756494	Gare de Menton-Garavan	Menton
87756767	Gare de La Trinité-Victor	La Trinite
87756775	Gare de Drap-Cantaron	Cantaron
87756783	Gare de Peillon-Ste-Thècle	Peillon
87756791	Gare de Peille	Peille
87756809	Gare de L'Escarène	L'Escarene
87756817	Gare de Touet-de-l'Escarène	Touet-De-L'Escarene
87756825	Gare de Sospel	Sospel
87756833	Gare de Breil-sur-Roya	Breil-Sur-Roya
87756858	Gare de Fontan-Saorge	Fontan
87756866	Gare de St-Dalmas-de-Tende	Tende
87756874	Gare de La Brigue	La Brigue
87756882	Gare de Tende	Tende
87757500	Gare de Fréjus	Frejus
87757526	Gare de St-Raphaël-Valescure	Saint-Raphael
87757534	Gare de Boulouris-sur-Mer	Saint-Raphael
87757542	Gare de Le Dramont	Saint-Raphael
87757559	Gare de Agay	Saint-Raphael
87757567	Gare de Anthéor-Cap-Roux	Saint-Raphael
87757575	Gare de Le Trayas	Saint-Raphael
87757583	Gare de Théoule-sur-Mer	Theoule-Sur-Mer
87757591	Gare de Mandelieu-la-Napoule	Mandelieu-La-Napoule
87757617	Gare de Cannes-la-Bocca	Cannes
87757625	Gare de Cannes	Cannes
87757641	Gare de Golfe-Juan-Vallauris	Vallauris
87757666	Gare de Juan-les-Pins	Antibes
87757674	Gare de Antibes	Antibes
87757690	Gare de Biot	Antibes
87757724	Gare de Grasse	Grasse
87757732	Gare de Ranguin	Mougins
87757740	Gare de Frayère (la)	Cannes
87757757	Gare de Le Bosquet	Cannes
87759290	Gare de Picon-Busserine.	Marseille
87759316	Gare de St-Joseph-Le-Castellas.	Marseille
87761007	Gare de Valence-Ville	Valence
87761106	Gare de St-Rambert-d'Albon	Saint-Rambert-D'Albon
87761130	Gare de St-Vallier-sur-Rhône	Saint-Vallier
87761163	Gare de Tain	Tain-L'Hermitage
87761239	Gare de L'Isle-d'Abeau	L'Isle-D'Abeau
87761247	Gare de Livron	Livron-Sur-Drome
87761262	Gare de Loriol	Loriol-Sur-Drome
87761494	Gare de St-Peray	Saint-Peray
87761650	Gare de Romans-Bourg-de-Péage	Romans-Sur-Isere
87761684	Gare de St-Hilaire-St-Nazaire	Saint-Hilaire-Du-Rosier
87761718	Gare de St-Marcellin	Saint-Marcellin
87761726	Gare de Vinay	Vinay
87761742	Gare de Poliénas	Polienas
87761759	Gare de Tullins-Fures	Tullins
87761783	Gare de Crest	Crest
87761817	Gare de Saillans	Saillans
87761841	Gare de Die	Die
87761874	Gare de Luc-en-Diois	Luc-En-Diois
87763003	Gare de Gap	Gap
87763029	Gare de Valence-TGV	Alixan
87763250	Gare de Aspres-sur-Buech	Aspres-Sur-Buech
87763300	Gare de Veynes-Dévoluy	Veynes
87763425	Gare de Chorges	Chorges
87763466	Gare de Embrun	Embrun
87763508	Gare de Montdauphin-Guillestre	Eygliers
87763557	Gare de L'Argentière-les-Ecrins	L'Argentiere-La-Bessee
87763607	Gare de Briançon	Briancon
87763722	Gare de Serres	Serres
87763755	Gare de Laragne	Laragne-Monteglin
87764001	Gare de Montélimar	Montelimar
87764290	Gare de Donzère	Donzere
87764308	Gare de Pierrelatte	Pierrelatte
87764357	Gare de Bollène-la-Croisière	Bollene
87764407	Le Pouzin Pl Maréchal L	Le Pouzin
87764472	Gare de Le Teil	Le Teil
87765008	Gare de Avignon-Centre	Avignon
87765107	Gare de Orange	Orange
87765180	Gare de Courthézon	Courthezon
87765198	Gare de Bédarrides	Bedarrides
87765206	Gare de Sorgues-Chât.du-Pape	Sorgues
87765354	Gare de Tarascon-sur-Rhône	Tarascon
87765412	Gare de Montfavet	Avignon
87765420	Gare de Morières-lès-Avignon	Morieres-Les-Avignon
87765438	Gare de St-Saturnin-d'Avignon	Saint-Saturnin-Les-Avignon
87765446	Gare de Gadagne	Chateauneuf-De-Gadagne
87765453	Gare de Le Thor	Le Thor
87765479	Gare de L'Isle-s-Sorgue - Font	L'Isle-Sur-La-Sorgue
87765503	Gare de Cavaillon	Cavaillon
87765735	Gare de Carpentras	Carpentras
87765818	Gare de Monteux	Monteux
87765826	Gare de Entraigues-S-La-Sorgue	Entraigues-Sur-La-Sorgue
87773002	Gare de Montpellier-Saint-Roch	Montpellier
87773200	Gare de Sète	Sete
87773408	Gare de Lunel	Lunel
87773424	Gare de Lunel-Viel	Lunel-Viel
87773432	Gare de Valergues-Lansargues	Valergues
87773457	Gare de Baillargues	Baillargues
87773465	Gare de St-Aunès	Saint-Aunes
87773515	Gare de Villeneuve-les-Maguel.	Villeneuve-Les-Maguelone
87773531	Gare de Vic-Mireval	Vic-La-Gardiole
87773556	Gare de Frontignan	Frontignan
87775007	Gare de Nîmes	Nimes
87775023	Gare de Beaucaire	Beaucaire
87775072	Gare de St-Césaire	Nimes
87775098	Gare de Milhaud	Milhaud
87775106	Gare de Uchaud	Uchaud
87775114	Gare de Vergèze-Codognan	Vergeze
87775130	Gare de Gallargues	Gallargues-Le-Montueux
87775148	Gare de Chasserades	Mont Lozere Et Goulet
87775171	Gare de La Bastide-St-Laurent	La Bastide-Puylaurent
87775197	Gare de Villefort	Villefort
87775213	Gare de Génolhac	Genolhac
87775221	Gare de Chamborigaud	Chamborigaud
87775239	Gare de Ste-Cécile-d'Andorge	Sainte-Cecile-D'Andorge
87775247	Gare de La Levade	La Grand-Combe
87775254	Gare de Grand-Combe-la-Pise	La Grand-Combe
87775288	Gare de Alès	Ales
87775346	Gare de Boucoiran	Boucoiran-Et-Nozieres
87775353	Gare de Nozières-Brignon	Boucoiran-Et-Nozieres
87775361	Gare de St-Geniès-de-Malgoirès	Saint-Genies-De-Malgoires
87775379	Gare de Fons-St-Mamert	Fons
87775791	Gare de Générac	Generac
87775809	Gare de Beauvoisin	Beauvoisin
87775817	Gare de Vauvert	Vauvert
87775825	Gare de Le Cailar	Le Cailar
87775833	Gare de Aimargues	Aimargues
87775841	Gare de St-Laurent-d'Aigouze	Saint-Laurent-D'Aigouze
87775858	Gare de Aigues-Mortes	Aigues-Mortes
87775866	Gare de Le Grau-du-Roi	Le Grau-Du-Roi
87781005	Gare de Béziers	Beziers
87781062	Gare de Port-la-Nouvelle	Port-La-Nouvelle
87781088	Gare de Leucate-la-Franqui	Leucate
87781104	Gare de Narbonne	Narbonne
87781161	Gare de Coursan	Coursan
87781260	Gare de Vias	Vias
87781278	Gare de Agde	Agde
87781294	Gare de Marseillan-Plage	Marseillan
87781534	Gare de Montpaon	Fondamente
87781542	Gare de Ceilhes-Roqueredonde	Roqueredonde
87781559	Gare de Les Cabrils	Roqueredonde
87781575	Gare de Lunas	Lunas
87781583	Gare de Le Bousquet-d'Orb	Le Bousquet-D'Orb
87781609	Gare de Bédarieux	Bedarieux
87781666	Gare de Magalas	Magalas
87782607	Gare de Clermont-la-Pardieu	Clermont-Ferrand
87783001	Gare de Millau	Millau
87783175	Gare de St-Flour-Chaudes-Aigues	Saint-Flour
87783241	Gare de St-Chély-d'Apcher	Saint-Chely-D'Apcher
87783266	Gare de Aumont-Aubrac	Peyre En Aubrac
87783282	Gare de Marvejols	Marvejols
87783290	Gare de Chirac	Bourgs Sur Colagne
87783308	Gare de Le Monastier	Bourgs Sur Colagne
87783324	Gare de Banassac-la-Canourgue	Banassac-Canilhac
87783340	Gare de Campagnac-St-Geniez	Campagnac
87783365	Gare de Sévérac-le-Château	Severac D'Aveyron
87783423	Gare de St-Georges-de-Luzençon	Saint-Georges-De-Luzencon
87783431	Gare de St-Rome-de-Cernon	Saint-Rome-De-Cernon
87783456	Gare de Tournemire-Roquefort	Tournemire
87783514	Gare de Les Salelles	Les Salelles
87783530	Gare de Chanac	Esclanedes
87783548	Gare de Le Bruel	Esclanedes
87783563	Gare de Barjac	Barjac
87783605	Gare de Mende	Mende
87783647	Gare de Bagnols-Chadenet	Chadenet
87783654	Gare de Allenc	Allenc
87783670	Gare de Belvezet	Mont Lozere Et Goulet
87784009	Gare de Perpignan	Perpignan
87784157	Gare de Salses	Salses-Le-Chateau
87784173	Gare de Rivesaltes	Rivesaltes
87784207	Gare de Elne	Elne
87784231	Gare de Argelès-sur-Mer	Argeles-Sur-Mer
87784256	Gare de Collioure	Collioure
87784264	Gare de Port-Vendres	Port-Vendres
87784298	Gare de Banyuls-sur-Mer	Banyuls-Sur-Mer
87784546	Millas	Millas
87784561	Ille-sur-Têt	Ille-Sur-Tet
87784611	Vinça	Vinca
87784629	Marquixanes	Marquixanes
87784637	Prades-Molitg-les-Bains	Prades
87784660	Ria	Ria-Sirach
87784686	Gare de Villefranche-Vernet-l.B	Fuilla
87784702	Gare de Serdinya	Serdinya
87784710	Gare de Joncet	Serdinya
87784728	Gare de Olette-Canaveilles-l.B.	Olette
87784736	Gare de Nyers	Nyer
87784744	Gare de Thuès-les-Bains	Nyer
87784751	Gare de Thuès-Carança	Thues-Entre-Valls
87784769	Gare de Fontpédrouse-St-Thomas	Fontpedrouse
87784777	Gare de Sauto	Sauto
87784785	Gare de Planès	Planes
87784793	Gare de Mont-Louis-la-Cabanasse	La Cabanasse
87784801	Gare de Bolquère-Eyne	Bolquere
87784819	Gare de Font-Romeu-Odeillo-Via	Font-Romeu-Odeillo-Via
87784827	Gare de Estavar	Estavar
87784835	Gare de Saillagouse	Saillagouse
87784843	Gare de Err	Err
87784850	Gare de Ste-Léocadie	Sainte-Léocadie
87784868	Gare de Osséja	Osseja
87784876	Gare de Bourg-Madame	Bourg-Madame
87784884	Gare de Ur-les-Escaldes	Ur
87784892	Gare de Béna-Fanes	Enveitg
87785006	Gare de Cerbère	Cerbère
